product_id,product_name,skin_category,review_count,avg_rating
561732,데일리 라이트핏 선젤 50ml,건성,22,4.954545454545454
561732,데일리 라이트핏 선젤 50ml,복합성,15,4.666666666666667
561732,데일리 라이트핏 선젤 50ml,지성,15,4.8
1205514,미남크림 톤업 화이트닝 남자톤업크림 50ml,건성,10,4.9
1205514,미남크림 톤업 화이트닝 남자톤업크림 50ml,복합성,30,4.566666666666666
1205514,미남크림 톤업 화이트닝 남자톤업크림 50ml,지성,16,4.8125
1218467,1025 독도 토너 500ml(+독도 클렌저 40ml + 워터겔 마스크 1매 증정),건성,265,4.886792452830188
1218467,1025 독도 토너 500ml(+독도 클렌저 40ml + 워터겔 마스크 1매 증정),민감성,163,4.9447852760736195
1218467,1025 독도 토너 500ml(+독도 클렌저 40ml + 워터겔 마스크 1매 증정),복합성,776,4.934278350515464
1218467,1025 독도 토너 500ml(+독도 클렌저 40ml + 워터겔 마스크 1매 증정),지성,480,4.935416666666667
1246381,[+바디워시 증정] 퍼퓸 데오 바디스프레이 200ml 프레쉬향,건성,393,4.8320610687022905
1246381,[+바디워시 증정] 퍼퓸 데오 바디스프레이 200ml 프레쉬향,민감성,182,4.873626373626373
1246381,[+바디워시 증정] 퍼퓸 데오 바디스프레이 200ml 프레쉬향,복합성,985,4.811167512690355
1246381,[+바디워시 증정] 퍼퓸 데오 바디스프레이 200ml 프레쉬향,지성,888,4.853603603603603
1253549,그린티 리프레싱 바디로션 200ml,복합성,13,4.6923076923076925
1350491,[증정] 속보습 세라마이드 아토 집중 캡슐 크림 230ml 2 pack,건성,60,4.916666666666667
1350491,[증정] 속보습 세라마이드 아토 집중 캡슐 크림 230ml 2 pack,민감성,23,4.956521739130435
1350491,[증정] 속보습 세라마이드 아토 집중 캡슐 크림 230ml 2 pack,복합성,76,4.828947368421052
1350491,[증정] 속보습 세라마이드 아토 집중 캡슐 크림 230ml 2 pack,지성,25,4.92
1412627,[세트] 다우트리스 바디미스트 3종 100ml(2개),건성,23,4.782608695652174
1412627,[세트] 다우트리스 바디미스트 3종 100ml(2개),민감성,11,4.909090909090909
1412627,[세트] 다우트리스 바디미스트 3종 100ml(2개),복합성,52,4.9423076923076925
1412627,[세트] 다우트리스 바디미스트 3종 100ml(2개),지성,43,4.883720930232558
1491184,셀러스 선 젤 플러스,복합성,16,4.9375
1493323,세라마이드샷 앰플 대용량 100ml,건성,103,4.893203883495145
1493323,세라마이드샷 앰플 대용량 100ml,민감성,28,4.857142857142857
1493323,세라마이드샷 앰플 대용량 100ml,복합성,113,4.911504424778761
1493323,세라마이드샷 앰플 대용량 100ml,지성,32,4.84375
1516336,비타민 B9 톤업 미백 크림 65ml,건성,25,4.68
1516336,비타민 B9 톤업 미백 크림 65ml,복합성,34,4.676470588235294
1516336,비타민 B9 톤업 미백 크림 65ml,지성,12,4.833333333333333
1532646,스킨 워시 500ml,건성,220,4.918181818181818
1532646,스킨 워시 500ml,민감성,83,4.903614457831325
1532646,스킨 워시 500ml,복합성,668,4.922155688622754
1532646,스킨 워시 500ml,지성,609,4.927750410509031
1619465,울트라리페어 로션 350ml 2 pack + 트러블 미스트 30ml 증정,건성,35,4.857142857142857
1619465,울트라리페어 로션 350ml 2 pack + 트러블 미스트 30ml 증정,민감성,15,4.866666666666666
1619465,울트라리페어 로션 350ml 2 pack + 트러블 미스트 30ml 증정,복합성,42,4.9523809523809526
1654903,엔조이 슈퍼 마일드 선 에센스 50ml 2개,건성,104,4.875
1654903,엔조이 슈퍼 마일드 선 에센스 50ml 2개,민감성,40,4.975
1654903,엔조이 슈퍼 마일드 선 에센스 50ml 2개,복합성,270,4.944444444444445
1654903,엔조이 슈퍼 마일드 선 에센스 50ml 2개,지성,122,4.877049180327869
1654904,엔조이 올라운드 에어리 썬쿠션 2개,건성,37,4.918918918918919
1654904,엔조이 올라운드 에어리 썬쿠션 2개,민감성,16,4.5
1654904,엔조이 올라운드 에어리 썬쿠션 2개,복합성,65,4.876923076923077
1654904,엔조이 올라운드 에어리 썬쿠션 2개,지성,31,4.806451612903226
1654908,슈퍼 액티브 에어리 썬스틱 15g 2EA,건성,42,4.833333333333333
1654908,슈퍼 액티브 에어리 썬스틱 15g 2EA,민감성,10,4.7
1654908,슈퍼 액티브 에어리 썬스틱 15g 2EA,복합성,103,4.786407766990291
1654908,슈퍼 액티브 에어리 썬스틱 15g 2EA,지성,30,4.766666666666667
1692082,오더이터 풋 스프레이 113g,건성,18,4.833333333333333
1692082,오더이터 풋 스프레이 113g,민감성,11,4.7272727272727275
1692082,오더이터 풋 스프레이 113g,복합성,44,4.795454545454546
1692082,오더이터 풋 스프레이 113g,지성,31,4.967741935483871
1700539,증정)레드 블레미쉬 클리어 수딩 크림 50mL,건성,38,4.657894736842105
1700539,증정)레드 블레미쉬 클리어 수딩 크림 50mL,민감성,17,4.647058823529412
1700539,증정)레드 블레미쉬 클리어 수딩 크림 50mL,복합성,74,4.878378378378378
1700539,증정)레드 블레미쉬 클리어 수딩 크림 50mL,지성,53,4.754716981132075
1771869,데일리 릴렉스 올인원 등드름 미스트 200ml,건성,10,4.8
1771869,데일리 릴렉스 올인원 등드름 미스트 200ml,복합성,28,4.892857142857143
1771869,데일리 릴렉스 올인원 등드름 미스트 200ml,지성,10,4.9
2006564,히아루론산 워터리 선 젤,복합성,12,4.916666666666667
2011419,빨간쌀 보습탄력 에멀젼 125ml,건성,11,5.0
2011419,빨간쌀 보습탄력 에멀젼 125ml,민감성,14,4.642857142857143
2011419,빨간쌀 보습탄력 에멀젼 125ml,복합성,30,4.833333333333333
2011742,어린쑥 수분진정 플루이드 125ml + [사은품증정],건성,40,4.825
2011742,어린쑥 수분진정 플루이드 125ml + [사은품증정],민감성,19,5.0
2011742,어린쑥 수분진정 플루이드 125ml + [사은품증정],복합성,106,4.820754716981132
2011742,어린쑥 수분진정 플루이드 125ml + [사은품증정],지성,51,4.96078431372549
2037643,힐케어 풋버퍼 발각질제거,복합성,12,4.916666666666667
2047894,비건 선크림 50ml [SPF50+/PA++++],복합성,32,4.84375
2047894,비건 선크림 50ml [SPF50+/PA++++],지성,17,4.823529411764706
2134633,세라마이드 아토 로션 350ml+집중크림 230ml,건성,33,4.96969696969697
2134633,세라마이드 아토 로션 350ml+집중크림 230ml,민감성,14,4.928571428571429
2134633,세라마이드 아토 로션 350ml+집중크림 230ml,복합성,69,4.927536231884058
2134633,세라마이드 아토 로션 350ml+집중크림 230ml,지성,17,4.9411764705882355
2134641,[증정] 히알루론 모이스춰 수분크림 100ml 2입,건성,100,4.79
2134641,[증정] 히알루론 모이스춰 수분크림 100ml 2입,민감성,28,4.821428571428571
2134641,[증정] 히알루론 모이스춰 수분크림 100ml 2입,복합성,208,4.850961538461538
2134641,[증정] 히알루론 모이스춰 수분크림 100ml 2입,지성,81,4.888888888888889
2172337,아토베리어365 로션 150ml,건성,679,4.917525773195877
2172337,아토베리어365 로션 150ml,민감성,369,4.9105691056910565
2172337,아토베리어365 로션 150ml,복합성,1326,4.901960784313726
2172337,아토베리어365 로션 150ml,지성,538,4.890334572490707
2172345,아토베리어365 크림 80ml,건성,1711,4.911747516072472
2172345,아토베리어365 크림 80ml,민감성,676,4.909763313609467
2172345,아토베리어365 크림 80ml,복합성,3047,4.920249425664588
2172345,아토베리어365 크림 80ml,지성,1045,4.920574162679426
2201693,[대용량/사계절용] 화이트 톤업 바디세럼 150ml (SPF21),건성,69,4.681159420289855
2201693,[대용량/사계절용] 화이트 톤업 바디세럼 150ml (SPF21),민감성,13,4.923076923076923
2201693,[대용량/사계절용] 화이트 톤업 바디세럼 150ml (SPF21),복합성,108,4.833333333333333
2201693,[대용량/사계절용] 화이트 톤업 바디세럼 150ml (SPF21),지성,49,4.795918367346939
2231954,바디워시 500ml 2입 (옵션),건성,16,4.8125
2231954,바디워시 500ml 2입 (옵션),복합성,41,4.804878048780488
2231954,바디워시 500ml 2입 (옵션),지성,12,4.916666666666667
2231957,무향 100시간 보습 세라마이드 아토 로션 564ml,건성,246,4.9105691056910565
2231957,무향 100시간 보습 세라마이드 아토 로션 564ml,민감성,113,4.920353982300885
2231957,무향 100시간 보습 세라마이드 아토 로션 564ml,복합성,473,4.93446088794926
2231957,무향 100시간 보습 세라마이드 아토 로션 564ml,지성,198,4.91919191919192
2231974,[증정] 튼살 붉은선 개선 저자극튼살크림 330ml,건성,51,4.8431372549019605
2231974,[증정] 튼살 붉은선 개선 저자극튼살크림 330ml,민감성,16,4.9375
2231974,[증정] 튼살 붉은선 개선 저자극튼살크림 330ml,복합성,93,4.860215053763441
2231974,[증정] 튼살 붉은선 개선 저자극튼살크림 330ml,지성,47,4.8936170212765955
2232000,저자극 이지워시 선크림 150ml,건성,48,4.9375
2232000,저자극 이지워시 선크림 150ml,민감성,31,4.741935483870968
2232000,저자극 이지워시 선크림 150ml,복합성,123,4.861788617886178
2232000,저자극 이지워시 선크림 150ml,지성,46,4.891304347826087
2286215,어니언 뉴페어 겔크림 플러스 50ml (증정: 플럼 겔마스크 1매),건성,45,4.8
2286215,어니언 뉴페어 겔크림 플러스 50ml (증정: 플럼 겔마스크 1매),민감성,26,4.615384615384615
2286215,어니언 뉴페어 겔크림 플러스 50ml (증정: 플럼 겔마스크 1매),복합성,147,4.789115646258503
2286215,어니언 뉴페어 겔크림 플러스 50ml (증정: 플럼 겔마스크 1매),지성,111,4.7657657657657655
2407381,퍼퓸 헤어&바디미스트 100ml,건성,59,4.711864406779661
2407381,퍼퓸 헤어&바디미스트 100ml,민감성,30,4.733333333333333
2407381,퍼퓸 헤어&바디미스트 100ml,복합성,168,4.779761904761905
2407381,퍼퓸 헤어&바디미스트 100ml,지성,90,4.844444444444444
2417998,리얼 히알루로닉 블루 100 앰플 100ml,건성,556,4.872302158273381
2417998,리얼 히알루로닉 블루 100 앰플 100ml,민감성,289,4.868512110726644
2417998,리얼 히알루로닉 블루 100 앰플 100ml,복합성,1350,4.881481481481481
2417998,리얼 히알루로닉 블루 100 앰플 100ml,지성,738,4.902439024390244
2435306,[+지우개패드2매 증정]바디 브라이트닝 패드 60매,건성,29,4.862068965517241
2435306,[+지우개패드2매 증정]바디 브라이트닝 패드 60매,복합성,83,4.734939759036145
2435306,[+지우개패드2매 증정]바디 브라이트닝 패드 60매,지성,45,4.866666666666666
2436679,순정 디렉터 선크림 2pack 기획세트,건성,479,4.849686847599165
2436679,순정 디렉터 선크림 2pack 기획세트,민감성,165,4.836363636363636
2436679,순정 디렉터 선크림 2pack 기획세트,복합성,857,4.851808634772462
2436679,순정 디렉터 선크림 2pack 기획세트,지성,336,4.839285714285714
2437952,롱래스팅 톤업크림 35ml,건성,10,4.6
2437952,롱래스팅 톤업크림 35ml,복합성,15,4.8
2496302,그린 마일드 업 선 플러스 50mL 2개,건성,241,4.921161825726141
2496302,그린 마일드 업 선 플러스 50mL 2개,민감성,152,4.875
2496302,그린 마일드 업 선 플러스 50mL 2개,복합성,564,4.8936170212765955
2496302,그린 마일드 업 선 플러스 50mL 2개,지성,373,4.916890080428955
2512802,마다가스카르 센텔라 히알루-시카 워터핏 선 세럼 50ml,건성,115,4.878260869565217
2512802,마다가스카르 센텔라 히알루-시카 워터핏 선 세럼 50ml,민감성,61,4.901639344262295
2512802,마다가스카르 센텔라 히알루-시카 워터핏 선 세럼 50ml,복합성,225,4.911111111111111
2512802,마다가스카르 센텔라 히알루-시카 워터핏 선 세럼 50ml,지성,96,4.885416666666667
2550029,[진로콜라보][2pack] 아쿠아티카 쿨링 썬스크린 50ml + 스티커 키링 기획세트 + [증정] 스킨 부스터 세럼 20ml + 진로 쿨링패드 2매,건성,19,4.7368421052631575
2550029,[진로콜라보][2pack] 아쿠아티카 쿨링 썬스크린 50ml + 스티커 키링 기획세트 + [증정] 스킨 부스터 세럼 20ml + 진로 쿨링패드 2매,민감성,13,4.923076923076923
2550029,[진로콜라보][2pack] 아쿠아티카 쿨링 썬스크린 50ml + 스티커 키링 기획세트 + [증정] 스킨 부스터 세럼 20ml + 진로 쿨링패드 2매,복합성,44,4.909090909090909
2550029,[진로콜라보][2pack] 아쿠아티카 쿨링 썬스크린 50ml + 스티커 키링 기획세트 + [증정] 스킨 부스터 세럼 20ml + 진로 쿨링패드 2매,지성,31,4.870967741935484
2559110,제로퍼센트 저자극 버블 핸드워시 500ml 3입,복합성,10,4.7
2570504,DMT 페이셜 수분 크림 150ml+추가증정,건성,396,4.898989898989899
2570504,DMT 페이셜 수분 크림 150ml+추가증정,민감성,125,4.84
2570504,DMT 페이셜 수분 크림 150ml+추가증정,복합성,601,4.8668885191347755
2570504,DMT 페이셜 수분 크림 150ml+추가증정,지성,187,4.86096256684492
2576679,비건 센텔라 리페어 로션 150ml,민감성,12,4.833333333333333
2576679,비건 센텔라 리페어 로션 150ml,복합성,23,4.869565217391305
2580012,[정샘물 l 악마프2 에디션] 에센셜 물 마이크로 피팅 미스트 55ml (물결크림 5ml),건성,387,4.79328165374677
2580012,[정샘물 l 악마프2 에디션] 에센셜 물 마이크로 피팅 미스트 55ml (물결크림 5ml),민감성,130,4.792307692307692
2580012,[정샘물 l 악마프2 에디션] 에센셜 물 마이크로 피팅 미스트 55ml (물결크림 5ml),복합성,672,4.815476190476191
2580012,[정샘물 l 악마프2 에디션] 에센셜 물 마이크로 피팅 미스트 55ml (물결크림 5ml),지성,246,4.808943089430894
2580030,에센셜 물 마이크로 피팅 미스트 120ml (물결크림 5ml + 물토너 15ml 증정),건성,271,4.878228782287823
2580030,에센셜 물 마이크로 피팅 미스트 120ml (물결크림 5ml + 물토너 15ml 증정),민감성,63,4.873015873015873
2580030,에센셜 물 마이크로 피팅 미스트 120ml (물결크림 5ml + 물토너 15ml 증정),복합성,410,4.817073170731708
2580030,에센셜 물 마이크로 피팅 미스트 120ml (물결크림 5ml + 물토너 15ml 증정),지성,139,4.805755395683454
2580417,마스터클래스 앰플 선 (앰플선 5ml 2개 증정),건성,133,4.827067669172933
2580417,마스터클래스 앰플 선 (앰플선 5ml 2개 증정),민감성,27,4.888888888888889
2580417,마스터클래스 앰플 선 (앰플선 5ml 2개 증정),복합성,153,4.882352941176471
2580417,마스터클래스 앰플 선 (앰플선 5ml 2개 증정),지성,43,4.813953488372093
2584505,다이브인 저분자 히알루론산 토너 300ml,건성,182,4.8791208791208796
2584505,다이브인 저분자 히알루론산 토너 300ml,민감성,86,4.872093023255814
2584505,다이브인 저분자 히알루론산 토너 300ml,복합성,442,4.889140271493213
2584505,다이브인 저분자 히알루론산 토너 300ml,지성,234,4.957264957264957
2585005,[SET] 다이브인 저분자 히알루론산 크림 80ml+수딩크림 80ml (+수딩크림 20ml),건성,64,4.9375
2585005,[SET] 다이브인 저분자 히알루론산 크림 80ml+수딩크림 80ml (+수딩크림 20ml),민감성,38,5.0
2585005,[SET] 다이브인 저분자 히알루론산 크림 80ml+수딩크림 80ml (+수딩크림 20ml),복합성,154,4.857142857142857
2585005,[SET] 다이브인 저분자 히알루론산 크림 80ml+수딩크림 80ml (+수딩크림 20ml),지성,126,4.880952380952381
2587472,포스트 알파 퍼스트 쿨링 패드 70매,건성,254,4.921259842519685
2587472,포스트 알파 퍼스트 쿨링 패드 70매,민감성,140,4.892857142857143
2587472,포스트 알파 퍼스트 쿨링 패드 70매,복합성,507,4.8619329388560155
2587472,포스트 알파 퍼스트 쿨링 패드 70매,지성,282,4.843971631205674
2604259,"워터/피치 베어 선 (SPF 50+, PA++++)",건성,13,4.6923076923076925
2604259,"워터/피치 베어 선 (SPF 50+, PA++++)",복합성,46,4.891304347826087
2604259,"워터/피치 베어 선 (SPF 50+, PA++++)",지성,11,4.909090909090909
2605792,[증정] 무향 100시간 보습 세라마이드 아토 로션 350ml 2입,건성,207,4.898550724637682
2605792,[증정] 무향 100시간 보습 세라마이드 아토 로션 350ml 2입,민감성,95,4.873684210526315
2605792,[증정] 무향 100시간 보습 세라마이드 아토 로션 350ml 2입,복합성,404,4.925742574257426
2605792,[증정] 무향 100시간 보습 세라마이드 아토 로션 350ml 2입,지성,156,4.961538461538462
2616586,DMT 바디로션 400ml+추가증정,건성,23,4.956521739130435
2616586,DMT 바디로션 400ml+추가증정,민감성,14,4.857142857142857
2616586,DMT 바디로션 400ml+추가증정,복합성,52,4.961538461538462
2616586,DMT 바디로션 400ml+추가증정,지성,17,4.882352941176471
2626564,프레쉬모이스춰 바디워시 500ml 2입,건성,19,4.631578947368421
2626564,프레쉬모이스춰 바디워시 500ml 2입,복합성,34,5.0
2626564,프레쉬모이스춰 바디워시 500ml 2입,지성,18,5.0
2632600,아쿠아 오아시스 토너 300ml,건성,446,4.881165919282512
2632600,아쿠아 오아시스 토너 300ml,민감성,171,4.888888888888889
2632600,아쿠아 오아시스 토너 300ml,복합성,1251,4.894484412470024
2632600,아쿠아 오아시스 토너 300ml,지성,635,4.937007874015748
2633306,[대용량] 아쿠아 스쿠알란 수분크림 80ml,건성,322,4.863354037267081
2633306,[대용량] 아쿠아 스쿠알란 수분크림 80ml,민감성,167,4.832335329341317
2633306,[대용량] 아쿠아 스쿠알란 수분크림 80ml,복합성,753,4.871181938911023
2633306,[대용량] 아쿠아 스쿠알란 수분크림 80ml,지성,351,4.897435897435898
2637406,어반쉐이드 쿨카밍 선스틱 SPF50+ PA++++ 20g,건성,262,4.801526717557252
2637406,어반쉐이드 쿨카밍 선스틱 SPF50+ PA++++ 20g,민감성,96,4.791666666666667
2637406,어반쉐이드 쿨카밍 선스틱 SPF50+ PA++++ 20g,복합성,610,4.811475409836065
2637406,어반쉐이드 쿨카밍 선스틱 SPF50+ PA++++ 20g,지성,327,4.840978593272172
2638240,[2EA] 아쿠아 콜라겐 펩타이드 EX 멀티 크림 80ml(토너 9ml 증정),건성,547,4.861060329067642
2638240,[2EA] 아쿠아 콜라겐 펩타이드 EX 멀티 크림 80ml(토너 9ml 증정),민감성,174,4.844827586206897
2638240,[2EA] 아쿠아 콜라겐 펩타이드 EX 멀티 크림 80ml(토너 9ml 증정),복합성,1288,4.819099378881988
2638240,[2EA] 아쿠아 콜라겐 펩타이드 EX 멀티 크림 80ml(토너 9ml 증정),지성,562,4.791814946619217
2650954,[2개 세트]레이지블랑 바디스프레이 250ml,복합성,16,4.875
2654707,VB 프리미엄 톤업크림 듀오 (+하이드라 마스크팩 1매+라이스 클렌저 6ml),복합성,10,4.9
2676933,클린 페이스 솔리드 미스트 카밍,건성,22,4.636363636363637
2676933,클린 페이스 솔리드 미스트 카밍,복합성,33,4.7272727272727275
2703984,EGF 스케일링 모이스처 풋 크림  130g,건성,45,4.711111111111111
2703984,EGF 스케일링 모이스처 풋 크림  130g,민감성,12,5.0
2703984,EGF 스케일링 모이스처 풋 크림  130g,복합성,78,4.769230769230769
2703984,EGF 스케일링 모이스처 풋 크림  130g,지성,15,4.866666666666666
2720512,오리지널컬렉션 바디오일 250ml 2입 (옵션),복합성,31,4.612903225806452
2725216,[SET] 다이브인 저분자 히알루론산 크림 80ml x 2개 [총 160ml] (+다이브인 크림 20ml),건성,436,4.912844036697248
2725216,[SET] 다이브인 저분자 히알루론산 크림 80ml x 2개 [총 160ml] (+다이브인 크림 20ml),민감성,245,4.8979591836734695
2725216,[SET] 다이브인 저분자 히알루론산 크림 80ml x 2개 [총 160ml] (+다이브인 크림 20ml),복합성,1237,4.918350848827809
2725216,[SET] 다이브인 저분자 히알루론산 크림 80ml x 2개 [총 160ml] (+다이브인 크림 20ml),지성,613,4.939641109298532
2775186,어드밴스드 더 비타민씨 23 세럼,건성,460,4.758695652173913
2775186,어드밴스드 더 비타민씨 23 세럼,민감성,196,4.775510204081633
2775186,어드밴스드 더 비타민씨 23 세럼,복합성,1043,4.730584851390221
2775186,어드밴스드 더 비타민씨 23 세럼,지성,660,4.8136363636363635
2782655,[무신사단독] 1025 독도 선크림 50ml (+클렌저 40ml),건성,237,4.9113924050632916
2782655,[무신사단독] 1025 독도 선크림 50ml (+클렌저 40ml),민감성,115,4.886956521739131
2782655,[무신사단독] 1025 독도 선크림 50ml (+클렌저 40ml),복합성,595,4.905882352941177
2782655,[무신사단독] 1025 독도 선크림 50ml (+클렌저 40ml),지성,378,4.907407407407407
2822853,[무신사단독] 포 맨 1025 독도 올인원 플루이드 200ml (+독도 클렌저 40ml 증정),건성,404,4.861386138613861
2822853,[무신사단독] 포 맨 1025 독도 올인원 플루이드 200ml (+독도 클렌저 40ml 증정),민감성,159,4.849056603773585
2822853,[무신사단독] 포 맨 1025 독도 올인원 플루이드 200ml (+독도 클렌저 40ml 증정),복합성,947,4.868004223864836
2822853,[무신사단독] 포 맨 1025 독도 올인원 플루이드 200ml (+독도 클렌저 40ml 증정),지성,580,4.893103448275862
2867744,[+지우개패드2매 증정]노니 에너지 앰플 미스트 50ml,건성,11,4.818181818181818
2867744,[+지우개패드2매 증정]노니 에너지 앰플 미스트 50ml,복합성,40,4.65
2875521,[2PACK]  워터 스플래쉬 선크림 세라마이드,건성,105,4.895238095238096
2875521,[2PACK]  워터 스플래쉬 선크림 세라마이드,민감성,11,4.7272727272727275
2875521,[2PACK]  워터 스플래쉬 선크림 세라마이드,복합성,130,4.915384615384616
2875521,[2PACK]  워터 스플래쉬 선크림 세라마이드,지성,38,4.947368421052632
2907135,시어버터 앤 마카다미아 퓨어 핸드크림 50ML 3구 세트,복합성,17,4.705882352941177
2919497,세라마이드 아토 6.0 탑투토워시 500ml 2입,건성,19,5.0
2919497,세라마이드 아토 6.0 탑투토워시 500ml 2입,민감성,16,4.9375
2919497,세라마이드 아토 6.0 탑투토워시 500ml 2입,복합성,47,4.9361702127659575
2919497,세라마이드 아토 6.0 탑투토워시 500ml 2입,지성,12,5.0
2959816,[SET] 다이브인 저분자 히알루론산 세럼 50ml+40ml (+시카컨트롤세럼 10ml),건성,2027,4.899358658115442
2959816,[SET] 다이브인 저분자 히알루론산 세럼 50ml+40ml (+시카컨트롤세럼 10ml),민감성,825,4.905454545454545
2959816,[SET] 다이브인 저분자 히알루론산 세럼 50ml+40ml (+시카컨트롤세럼 10ml),복합성,4730,4.921353065539112
2959816,[SET] 다이브인 저분자 히알루론산 세럼 50ml+40ml (+시카컨트롤세럼 10ml),지성,2375,4.941473684210527
2959830,[SET] 다이브인 무기자차 마일드 선크림 60ml x 2개 (+모이스처 선크림 20ml),건성,129,4.821705426356589
2959830,[SET] 다이브인 무기자차 마일드 선크림 60ml x 2개 (+모이스처 선크림 20ml),민감성,70,4.914285714285715
2959830,[SET] 다이브인 무기자차 마일드 선크림 60ml x 2개 (+모이스처 선크림 20ml),복합성,244,4.889344262295082
2959830,[SET] 다이브인 무기자차 마일드 선크림 60ml x 2개 (+모이스처 선크림 20ml),지성,205,4.907317073170732
2982668,퍼퓸 핸드크림 INSPIRE,건성,20,4.95
2982668,퍼퓸 핸드크림 INSPIRE,복합성,50,4.8
2982668,퍼퓸 핸드크림 INSPIRE,지성,14,4.857142857142857
2996090,밸런스풀 시카 진정 크림 80ml,건성,159,4.886792452830188
2996090,밸런스풀 시카 진정 크림 80ml,민감성,140,4.878571428571429
2996090,밸런스풀 시카 진정 크림 80ml,복합성,443,4.889390519187359
2996090,밸런스풀 시카 진정 크림 80ml,지성,398,4.886934673366834
3004075,(사용기한26년9월19일) 베리 생기 선크림 50ml SPF50+ PA++++,복합성,29,4.896551724137931
3039597,워터 스플래쉬 선크림 세라마이드 60ml SPF50+ PA++++,건성,44,4.840909090909091
3039597,워터 스플래쉬 선크림 세라마이드 60ml SPF50+ PA++++,복합성,56,4.732142857142857
3039597,워터 스플래쉬 선크림 세라마이드 60ml SPF50+ PA++++,지성,22,4.863636363636363
3049956,[2PACK]올 데이 에어리 선크림 50ml,복합성,19,4.842105263157895
3049956,[2PACK]올 데이 에어리 선크림 50ml,지성,10,5.0
3063032,비건 릴리프 워터 에센스 선크림,건성,28,5.0
3063032,비건 릴리프 워터 에센스 선크림,민감성,11,4.909090909090909
3063032,비건 릴리프 워터 에센스 선크림,복합성,53,4.962264150943396
3063032,비건 릴리프 워터 에센스 선크림,지성,16,4.9375
3094753,(1+1)레드 블레미쉬 수딩 업 선 스틱 21g,건성,10,4.8
3094753,(1+1)레드 블레미쉬 수딩 업 선 스틱 21g,복합성,23,4.913043478260869
3094753,(1+1)레드 블레미쉬 수딩 업 선 스틱 21g,지성,13,5.0
3098201,[사은품 증정] (대용량) 레티놀 시카 흔적 앰플 50mL + 10mL 2개,건성,340,4.829411764705882
3098201,[사은품 증정] (대용량) 레티놀 시카 흔적 앰플 50mL + 10mL 2개,민감성,237,4.860759493670886
3098201,[사은품 증정] (대용량) 레티놀 시카 흔적 앰플 50mL + 10mL 2개,복합성,1077,4.8635097493036215
3098201,[사은품 증정] (대용량) 레티놀 시카 흔적 앰플 50mL + 10mL 2개,지성,698,4.885386819484241
3098202,레티놀 시카 흔적 앰플 30mL,건성,195,4.78974358974359
3098202,레티놀 시카 흔적 앰플 30mL,민감성,131,4.648854961832061
3098202,레티놀 시카 흔적 앰플 30mL,복합성,494,4.777327935222672
3098202,레티놀 시카 흔적 앰플 30mL,지성,334,4.775449101796407
3124226,에이시카 365 수분토너 pH4.5  200ml,건성,117,4.880341880341881
3124226,에이시카 365 수분토너 pH4.5  200ml,민감성,75,4.933333333333334
3124226,에이시카 365 수분토너 pH4.5  200ml,복합성,227,4.903083700440528
3124226,에이시카 365 수분토너 pH4.5  200ml,지성,123,4.943089430894309
3124238,에이시카 365 크림 pH4.5 60ml,건성,64,4.90625
3124238,에이시카 365 크림 pH4.5 60ml,민감성,73,4.8493150684931505
3124238,에이시카 365 크림 pH4.5 60ml,복합성,178,4.882022471910112
3124238,에이시카 365 크림 pH4.5 60ml,지성,71,4.873239436619718
3162357,원더 히알루론산 촉촉 앰플 100ml(+히알루론산 마스크 증정),건성,393,4.852417302798982
3162357,원더 히알루론산 촉촉 앰플 100ml(+히알루론산 마스크 증정),민감성,155,4.84516129032258
3162357,원더 히알루론산 촉촉 앰플 100ml(+히알루론산 마스크 증정),복합성,915,4.85792349726776
3162357,원더 히알루론산 촉촉 앰플 100ml(+히알루론산 마스크 증정),지성,464,4.881465517241379
3163177,세라마이드 모찌 토너 500ml(+모찌 에멀전30ml+화장솜 증정),건성,300,4.86
3163177,세라마이드 모찌 토너 500ml(+모찌 에멀전30ml+화장솜 증정),민감성,69,4.884057971014493
3163177,세라마이드 모찌 토너 500ml(+모찌 에멀전30ml+화장솜 증정),복합성,469,4.906183368869936
3163177,세라마이드 모찌 토너 500ml(+모찌 에멀전30ml+화장솜 증정),지성,156,4.961538461538462
3164655,풋크림 55g 2개,건성,11,4.7272727272727275
3164655,풋크림 55g 2개,복합성,19,4.894736842105263
3172282,리지스트 레티놀 바디 트리트먼트 118ml,복합성,10,4.7
3179506,[2pack] 맑은 어성초 진정 수분 선크림 (24AD) 50ml [증정] 클렌징오일20ml,건성,21,5.0
3179506,[2pack] 맑은 어성초 진정 수분 선크림 (24AD) 50ml [증정] 클렌징오일20ml,민감성,17,4.882352941176471
3179506,[2pack] 맑은 어성초 진정 수분 선크림 (24AD) 50ml [증정] 클렌징오일20ml,복합성,63,4.920634920634921
3179506,[2pack] 맑은 어성초 진정 수분 선크림 (24AD) 50ml [증정] 클렌징오일20ml,지성,23,5.0
3198642,맑은 어성초 진정 쿨링 선스틱 19g,건성,13,4.615384615384615
3198642,맑은 어성초 진정 쿨링 선스틱 19g,민감성,11,4.2727272727272725
3198642,맑은 어성초 진정 쿨링 선스틱 19g,복합성,30,4.833333333333333
3198642,맑은 어성초 진정 쿨링 선스틱 19g,지성,17,4.764705882352941
3202721,TYPE No.50 소울워터 핸드워시 350ml,복합성,20,4.85
3202723,TYPE No.91 원더바이브 핸드워시 350ml,건성,12,4.916666666666667
3202723,TYPE No.91 원더바이브 핸드워시 350ml,복합성,30,5.0
3202723,TYPE No.91 원더바이브 핸드워시 350ml,지성,16,4.875
3211140,백미 톤업 선 쿠션,건성,14,4.857142857142857
3211140,백미 톤업 선 쿠션,복합성,15,4.2
3211140,백미 톤업 선 쿠션,지성,11,4.545454545454546
3233451,[선물포장] 비건 에센셜 롤온&에센셜 괄사 세트,복합성,20,4.85
3236203,워터 스플래쉬 선크림 프레쉬 시카 SPF50+ PA++++,복합성,17,4.823529411764706
3298438,[SET] 다이브인 저분자 히알루론산 세럼 50ml+40ml+40ml (+다이브인 토너 50ml+멀티패드 10매입),건성,144,4.9375
3298438,[SET] 다이브인 저분자 히알루론산 세럼 50ml+40ml+40ml (+다이브인 토너 50ml+멀티패드 10매입),민감성,76,4.907894736842105
3298438,[SET] 다이브인 저분자 히알루론산 세럼 50ml+40ml+40ml (+다이브인 토너 50ml+멀티패드 10매입),복합성,286,4.954545454545454
3298438,[SET] 다이브인 저분자 히알루론산 세럼 50ml+40ml+40ml (+다이브인 토너 50ml+멀티패드 10매입),지성,161,4.913043478260869
3308974,블랙라이스 모이스처 에어리핏 데일리 선스크린 SPF50+ 50ml,복합성,14,4.857142857142857
3312904,아쿠아 365 유브이 선크림 40ml,건성,126,4.944444444444445
3312904,아쿠아 365 유브이 선크림 40ml,민감성,64,4.78125
3312904,아쿠아 365 유브이 선크림 40ml,복합성,260,4.861538461538461
3312904,아쿠아 365 유브이 선크림 40ml,지성,95,4.936842105263158
3315832,마이 퍼퓸드 바디 로션 330mL (3종 택1),건성,63,4.904761904761905
3315832,마이 퍼퓸드 바디 로션 330mL (3종 택1),민감성,19,4.947368421052632
3315832,마이 퍼퓸드 바디 로션 330mL (3종 택1),복합성,90,4.811111111111111
3315832,마이 퍼퓸드 바디 로션 330mL (3종 택1),지성,43,4.883720930232558
3316501,더마UV365 장벽수분 무기자차 선크림 40ml,건성,111,4.90990990990991
3316501,더마UV365 장벽수분 무기자차 선크림 40ml,민감성,82,4.890243902439025
3316501,더마UV365 장벽수분 무기자차 선크림 40ml,복합성,248,4.879032258064516
3316501,더마UV365 장벽수분 무기자차 선크림 40ml,지성,108,4.888888888888889
3317080,포어제로 오일 컨트롤 선스틱 + 오일컨트롤 페이퍼 1개,건성,127,4.818897637795276
3317080,포어제로 오일 컨트롤 선스틱 + 오일컨트롤 페이퍼 1개,민감성,107,4.88785046728972
3317080,포어제로 오일 컨트롤 선스틱 + 오일컨트롤 페이퍼 1개,복합성,465,4.84516129032258
3317080,포어제로 오일 컨트롤 선스틱 + 오일컨트롤 페이퍼 1개,지성,553,4.871609403254973
3317081,포어제로 오일 컨트롤 선스틱 2개 세트,건성,54,4.814814814814815
3317081,포어제로 오일 컨트롤 선스틱 2개 세트,민감성,32,4.8125
3317081,포어제로 오일 컨트롤 선스틱 2개 세트,복합성,202,4.8316831683168315
3317081,포어제로 오일 컨트롤 선스틱 2개 세트,지성,175,4.8914285714285715
3324516,그린티 허니드롭스 바디크림 500ml,건성,13,4.6923076923076925
3324516,그린티 허니드롭스 바디크림 500ml,복합성,40,4.95
3325625,노스카나인 트러블 바디 워시 490ml,건성,66,4.878787878787879
3325625,노스카나인 트러블 바디 워시 490ml,민감성,46,4.673913043478261
3325625,노스카나인 트러블 바디 워시 490ml,복합성,237,4.801687763713081
3325625,노스카나인 트러블 바디 워시 490ml,지성,146,4.815068493150685
3327084,서큘레이팅 바디오일 주니퍼베리 & 진저 100ML,복합성,13,4.923076923076923
3327090,어웨이크닝 바디오일 페퍼민트 & 유칼립투스 100ML,건성,46,4.826086956521739
3327090,어웨이크닝 바디오일 페퍼민트 & 유칼립투스 100ML,민감성,14,4.571428571428571
3327090,어웨이크닝 바디오일 페퍼민트 & 유칼립투스 100ML,복합성,71,4.661971830985915
3327090,어웨이크닝 바디오일 페퍼민트 & 유칼립투스 100ML,지성,32,4.78125
3327135,임브레이스 바디오일 네롤리 & 패츌리 100ML,복합성,13,4.769230769230769
3327139,서렌 바디오일 라벤더 & 마조람 100ML,건성,36,4.861111111111111
3327139,서렌 바디오일 라벤더 & 마조람 100ML,복합성,32,4.8125
3327139,서렌 바디오일 라벤더 & 마조람 100ML,지성,22,4.909090909090909
3327221,로즈마리 올인원 헤어 & 바디로션 300ML,복합성,12,4.916666666666667
3327223,슈가 바디 스크럽 바질 & 버가못,건성,11,4.7272727272727275
3327223,슈가 바디 스크럽 바질 & 버가못,복합성,17,4.823529411764706
3327244,아로마 바디오일 & 돌고래 바디 괄사 세트 (5종 중 택1),건성,21,4.809523809523809
3327244,아로마 바디오일 & 돌고래 바디 괄사 세트 (5종 중 택1),복합성,30,4.766666666666667
3327244,아로마 바디오일 & 돌고래 바디 괄사 세트 (5종 중 택1),지성,11,5.0
3327458,[무신사단독] [2pack] 소나무 진정 시카 바디 미스트 150ml,건성,127,4.984251968503937
3327458,[무신사단독] [2pack] 소나무 진정 시카 바디 미스트 150ml,민감성,97,4.917525773195877
3327458,[무신사단독] [2pack] 소나무 진정 시카 바디 미스트 150ml,복합성,466,4.9334763948497855
3327458,[무신사단독] [2pack] 소나무 진정 시카 바디 미스트 150ml,지성,297,4.9326599326599325
3333368,[SET] 다이브인 모이스처 선크림 60ml x 2개 (+선세럼 20ml),건성,126,4.801587301587301
3333368,[SET] 다이브인 모이스처 선크림 60ml x 2개 (+선세럼 20ml),민감성,49,4.714285714285714
3333368,[SET] 다이브인 모이스처 선크림 60ml x 2개 (+선세럼 20ml),복합성,294,4.887755102040816
3333368,[SET] 다이브인 모이스처 선크림 60ml x 2개 (+선세럼 20ml),지성,154,4.902597402597403
3339089,마스크 오브 매그너민티 125g - 파워 마스크/페이스 앤 바디 마스크 팩,건성,41,4.878048780487805
3339089,마스크 오브 매그너민티 125g - 파워 마스크/페이스 앤 바디 마스크 팩,민감성,24,4.916666666666667
3339089,마스크 오브 매그너민티 125g - 파워 마스크/페이스 앤 바디 마스크 팩,복합성,111,4.954954954954955
3339089,마스크 오브 매그너민티 125g - 파워 마스크/페이스 앤 바디 마스크 팩,지성,57,4.947368421052632
3341873,슬리피 200ml - 바디 스프레이(트와일라잇),건성,23,5.0
3341873,슬리피 200ml - 바디 스프레이(트와일라잇),민감성,11,5.0
3341873,슬리피 200ml - 바디 스프레이(트와일라잇),복합성,50,4.7
3341873,슬리피 200ml - 바디 스프레이(트와일라잇),지성,34,4.823529411764706
3360741,케어 톤업,건성,46,4.739130434782608
3360741,케어 톤업,민감성,18,4.555555555555555
3360741,케어 톤업,복합성,51,4.686274509803922
3360741,케어 톤업,지성,24,4.75
3365040,럽 럽 럽 330g - 보디 스크럽,복합성,10,4.8
3373309,[SET] 다이브인 저분자 히알루론산 스킨부스터 200ml  x 2개,건성,64,4.921875
3373309,[SET] 다이브인 저분자 히알루론산 스킨부스터 200ml  x 2개,민감성,31,4.935483870967742
3373309,[SET] 다이브인 저분자 히알루론산 스킨부스터 200ml  x 2개,복합성,118,4.889830508474576
3373309,[SET] 다이브인 저분자 히알루론산 스킨부스터 200ml  x 2개,지성,41,5.0
3376834,바디워시 젠틀스크럽 1L 2개,복합성,13,5.0
3376843,바디워시 뷰티너리싱 1L 2개,건성,74,4.851351351351352
3376843,바디워시 뷰티너리싱 1L 2개,민감성,25,4.96
3376843,바디워시 뷰티너리싱 1L 2개,복합성,143,4.923076923076923
3376843,바디워시 뷰티너리싱 1L 2개,지성,91,4.912087912087912
3377047,핸드워시 딥너리싱 본품240ml+리필430ml,복합성,15,4.933333333333334
3386963,슬리피 95g - 바디 로션,건성,12,4.833333333333333
3393804,수딩 알로에 베라 젤 500ML,건성,130,4.915384615384616
3393804,수딩 알로에 베라 젤 500ML,민감성,81,4.851851851851852
3393804,수딩 알로에 베라 젤 500ML,복합성,270,4.87037037037037
3393804,수딩 알로에 베라 젤 500ML,지성,148,4.925675675675675
3393805,수딩 알로에 베라 젤 500ml (리필),건성,17,4.9411764705882355
3393805,수딩 알로에 베라 젤 500ml (리필),민감성,21,5.0
3393805,수딩 알로에 베라 젤 500ml (리필),복합성,43,4.883720930232558
3393805,수딩 알로에 베라 젤 500ml (리필),지성,13,4.923076923076923
3393814,로즈마리 올인원 헤어 & 바디로션 300ML (리필),복합성,10,5.0
3412120,[2개선택] 대용량 퍼퓸 핸드로션 280ml,건성,22,4.954545454545454
3412120,[2개선택] 대용량 퍼퓸 핸드로션 280ml,복합성,33,4.757575757575758
3412120,[2개선택] 대용량 퍼퓸 핸드로션 280ml,지성,21,4.9523809523809526
3414752,원더 베지 톤업 선크림 SPF50+ PA++++ 50ml,복합성,17,4.823529411764706
3417360,비건 에어핏 선크림 50ml 듀오,복합성,24,4.833333333333333
3417533,비건 립 버터 듀오,건성,131,4.854961832061068
3417533,비건 립 버터 듀오,민감성,43,4.883720930232558
3417533,비건 립 버터 듀오,복합성,273,4.857142857142857
3417533,비건 립 버터 듀오,지성,100,4.9
3435581,비타민 B9 톤업 미백 크림 2개 세트,건성,11,4.909090909090909
3454101,비타티놀 세럼 30g *2,건성,53,4.716981132075472
3454101,비타티놀 세럼 30g *2,민감성,27,4.703703703703703
3454101,비타티놀 세럼 30g *2,복합성,114,4.824561403508772
3454101,비타티놀 세럼 30g *2,지성,49,4.877551020408164
3462426,퍼퓸 버블 대용량 핸드워시 515ml 2개입 선물세트,건성,77,4.805194805194805
3462426,퍼퓸 버블 대용량 핸드워시 515ml 2개입 선물세트,민감성,32,4.75
3462426,퍼퓸 버블 대용량 핸드워시 515ml 2개입 선물세트,복합성,160,4.8125
3462426,퍼퓸 버블 대용량 핸드워시 515ml 2개입 선물세트,지성,97,4.835051546391752
3462671,"파데프리 세럼 선 쿠션 (SPF50+, PA++++)",건성,17,4.352941176470588
3462671,"파데프리 세럼 선 쿠션 (SPF50+, PA++++)",복합성,34,4.617647058823529
3505072,[SET] 다이브인 저분자 히알루론산 토너 300ml  x  2개 (+다이브인 크림 20ml),건성,238,4.873949579831932
3505072,[SET] 다이브인 저분자 히알루론산 토너 300ml  x  2개 (+다이브인 크림 20ml),민감성,106,4.952830188679245
3505072,[SET] 다이브인 저분자 히알루론산 토너 300ml  x  2개 (+다이브인 크림 20ml),복합성,624,4.927884615384615
3505072,[SET] 다이브인 저분자 히알루론산 토너 300ml  x  2개 (+다이브인 크림 20ml),지성,303,4.917491749174918
3509728,아토베리어365 하이드로 에센스 200ml,건성,367,4.915531335149864
3509728,아토베리어365 하이드로 에센스 200ml,민감성,164,4.878048780487805
3509728,아토베리어365 하이드로 에센스 200ml,복합성,663,4.930618401206637
3509728,아토베리어365 하이드로 에센스 200ml,지성,207,4.932367149758454
3554399,바이오 워터리 선크림 50mL SPF50+ PA++++,건성,37,4.783783783783784
3554399,바이오 워터리 선크림 50mL SPF50+ PA++++,민감성,13,4.769230769230769
3554399,바이오 워터리 선크림 50mL SPF50+ PA++++,복합성,80,4.8875
3554399,바이오 워터리 선크림 50mL SPF50+ PA++++,지성,35,4.914285714285715
3554409,코튼 소프트 선스틱 19g SPF50+ PA++++,건성,66,4.863636363636363
3554409,코튼 소프트 선스틱 19g SPF50+ PA++++,민감성,27,4.666666666666667
3554409,코튼 소프트 선스틱 19g SPF50+ PA++++,복합성,154,4.766233766233766
3554409,코튼 소프트 선스틱 19g SPF50+ PA++++,지성,101,4.900990099009901
3554412,비타 베리 포어 토너 150mL (+시카선세럼10ml증정),건성,45,4.555555555555555
3554412,비타 베리 포어 토너 150mL (+시카선세럼10ml증정),복합성,80,4.8375
3554412,비타 베리 포어 토너 150mL (+시카선세럼10ml증정),지성,41,4.804878048780488
3554527,비타 톤업 선크림 50mL SPF50+ PA++++,건성,95,4.831578947368421
3554527,비타 톤업 선크림 50mL SPF50+ PA++++,민감성,37,4.756756756756757
3554527,비타 톤업 선크림 50mL SPF50+ PA++++,복합성,239,4.7238493723849375
3554527,비타 톤업 선크림 50mL SPF50+ PA++++,지성,126,4.76984126984127
3558614,실드핏 퓨어 선크림 50ml SPF 50+ PA+++(유통기한 27-06-26),복합성,21,4.571428571428571
3558668,퓨어락토 이너클렌저 200ml(유통기한 27-04-16),복합성,13,4.846153846153846
3578031,[SET] 다이브인 저분자 히알루론산 수딩크림 80ml X 2개 (+다이브인 세럼 20ml),건성,318,4.921383647798742
3578031,[SET] 다이브인 저분자 히알루론산 수딩크림 80ml X 2개 (+다이브인 세럼 20ml),민감성,193,4.896373056994818
3578031,[SET] 다이브인 저분자 히알루론산 수딩크림 80ml X 2개 (+다이브인 세럼 20ml),복합성,831,4.945848375451264
3578031,[SET] 다이브인 저분자 히알루론산 수딩크림 80ml X 2개 (+다이브인 세럼 20ml),지성,484,4.929752066115703
3641330,멜로우니스 바디오일 매그놀리아 & 샌달우드 100ML,건성,36,4.833333333333333
3641330,멜로우니스 바디오일 매그놀리아 & 샌달우드 100ML,민감성,14,4.928571428571429
3641330,멜로우니스 바디오일 매그놀리아 & 샌달우드 100ML,복합성,48,4.916666666666667
3641330,멜로우니스 바디오일 매그놀리아 & 샌달우드 100ML,지성,14,4.857142857142857
3653694,마이 퍼퓸드 핸드크림 30mL (7종 택1),건성,85,4.8352941176470585
3653694,마이 퍼퓸드 핸드크림 30mL (7종 택1),민감성,35,4.8
3653694,마이 퍼퓸드 핸드크림 30mL (7종 택1),복합성,183,4.775956284153006
3653694,마이 퍼퓸드 핸드크림 30mL (7종 택1),지성,99,4.8686868686868685
3674930,다이브인 저분자 히알루론산 수딩크림 80ml,건성,53,4.716981132075472
3674930,다이브인 저분자 히알루론산 수딩크림 80ml,민감성,33,4.848484848484849
3674930,다이브인 저분자 히알루론산 수딩크림 80ml,복합성,150,4.886666666666667
3674930,다이브인 저분자 히알루론산 수딩크림 80ml,지성,92,4.934782608695652
3685238,데일리 모이스처 푸딩 크림 50ml,건성,37,4.8108108108108105
3685238,데일리 모이스처 푸딩 크림 50ml,민감성,12,4.833333333333333
3685238,데일리 모이스처 푸딩 크림 50ml,복합성,127,4.748031496062992
3685238,데일리 모이스처 푸딩 크림 50ml,지성,49,4.857142857142857
3687686,비건 바디로션 베이비파우더 730ml + 클린노트 바디워시 180ml 추가증정,건성,13,4.0
3687686,비건 바디로션 베이비파우더 730ml + 클린노트 바디워시 180ml 추가증정,복합성,16,4.6875
3688320,항균 풋샴푸 오리지널 410ML 2개 구성 + 랩신 손소독티슈 증정,복합성,16,5.0
3705642,제스티 핸드솝 그레이프프룻 & 탠저린 300ML,건성,17,5.0
3705642,제스티 핸드솝 그레이프프룻 & 탠저린 300ML,복합성,44,4.954545454545454
3705642,제스티 핸드솝 그레이프프룻 & 탠저린 300ML,지성,20,4.8
3735492,마이 퍼퓸드 핸드크림 30mL 3개 (7종 택1),복합성,17,4.9411764705882355
3735818,[증정] 무향 100시간 보습 세라마이드 아토 로션 564ml 2입,건성,175,4.942857142857143
3735818,[증정] 무향 100시간 보습 세라마이드 아토 로션 564ml 2입,민감성,82,4.963414634146342
3735818,[증정] 무향 100시간 보습 세라마이드 아토 로션 564ml 2입,복합성,297,4.962962962962963
3735818,[증정] 무향 100시간 보습 세라마이드 아토 로션 564ml 2입,지성,126,4.9523809523809526
3748858,[무신사 단독] [2pack] 소나무 진정 시카 앰플 대용량 50ml (+동백 선세럼 7ml + 소나무 마스크 1매),건성,246,4.841463414634147
3748858,[무신사 단독] [2pack] 소나무 진정 시카 앰플 대용량 50ml (+동백 선세럼 7ml + 소나무 마스크 1매),민감성,225,4.875555555555556
3748858,[무신사 단독] [2pack] 소나무 진정 시카 앰플 대용량 50ml (+동백 선세럼 7ml + 소나무 마스크 1매),복합성,876,4.9006849315068495
3748858,[무신사 단독] [2pack] 소나무 진정 시카 앰플 대용량 50ml (+동백 선세럼 7ml + 소나무 마스크 1매),지성,560,4.885714285714286
3764779,[SET] 어드밴스드 더 비타민씨 23 세럼 20g x 2개,건성,285,4.838596491228071
3764779,[SET] 어드밴스드 더 비타민씨 23 세럼 20g x 2개,민감성,140,4.885714285714286
3764779,[SET] 어드밴스드 더 비타민씨 23 세럼 20g x 2개,복합성,749,4.807743658210948
3764779,[SET] 어드밴스드 더 비타민씨 23 세럼 20g x 2개,지성,429,4.864801864801865
3775064,비건 핸드크림 3개 골라담기,건성,232,4.896551724137931
3775064,비건 핸드크림 3개 골라담기,민감성,73,4.863013698630137
3775064,비건 핸드크림 3개 골라담기,복합성,397,4.89168765743073
3775064,비건 핸드크림 3개 골라담기,지성,162,4.91358024691358
3794774,세라마이드 아토 수딩젤 175ml 2입,민감성,12,4.666666666666667
3794774,세라마이드 아토 수딩젤 175ml 2입,복합성,15,4.866666666666666
3794933,MD 레드이치 케어크림 330ml,건성,59,4.830508474576271
3794933,MD 레드이치 케어크림 330ml,민감성,22,4.863636363636363
3794933,MD 레드이치 케어크림 330ml,복합성,75,4.933333333333334
3794933,MD 레드이치 케어크림 330ml,지성,15,4.933333333333334
3799557,[바디클렌저]페퍼민트 퓨어 캐스틸 솝 950ml,건성,60,4.916666666666667
3799557,[바디클렌저]페퍼민트 퓨어 캐스틸 솝 950ml,민감성,53,4.867924528301887
3799557,[바디클렌저]페퍼민트 퓨어 캐스틸 솝 950ml,복합성,185,4.940540540540541
3799557,[바디클렌저]페퍼민트 퓨어 캐스틸 솝 950ml,지성,138,4.920289855072464
3802486,[3PACK]베이비마일드 오가닉 립밤 4g,복합성,25,4.96
3802486,[3PACK]베이비마일드 오가닉 립밤 4g,지성,19,4.894736842105263
3802520,레스온스킨 밸런시즘 비건 에멀젼,복합성,12,4.916666666666667
3814783,크림스컴트루 스쿠알란 배리어 리페어크림 50ml,건성,77,4.883116883116883
3814783,크림스컴트루 스쿠알란 배리어 리페어크림 50ml,민감성,59,4.915254237288136
3814783,크림스컴트루 스쿠알란 배리어 리페어크림 50ml,복합성,120,4.941666666666666
3814783,크림스컴트루 스쿠알란 배리어 리페어크림 50ml,지성,22,4.636363636363637
3816288,코튼풋 발을씻자 풋샴푸 리필 자몽 500ml 3개,건성,17,4.9411764705882355
3816288,코튼풋 발을씻자 풋샴푸 리필 자몽 500ml 3개,복합성,39,4.897435897435898
3816288,코튼풋 발을씻자 풋샴푸 리필 자몽 500ml 3개,지성,14,4.857142857142857
3823529,[2개] 스킨 베리어 카밍 로션 EX 220ml,건성,155,4.916129032258064
3823529,[2개] 스킨 베리어 카밍 로션 EX 220ml,민감성,58,4.896551724137931
3823529,[2개] 스킨 베리어 카밍 로션 EX 220ml,복합성,244,4.852459016393443
3823529,[2개] 스킨 베리어 카밍 로션 EX 220ml,지성,69,4.869565217391305
3828076,화이트닝 드레스 미백 톤업 크림 2개,건성,108,4.916666666666667
3828076,화이트닝 드레스 미백 톤업 크림 2개,민감성,33,4.878787878787879
3828076,화이트닝 드레스 미백 톤업 크림 2개,복합성,170,4.8882352941176475
3828076,화이트닝 드레스 미백 톤업 크림 2개,지성,74,4.95945945945946
3874820,[페이스&바디클렌저]티트리 퓨어 캐스틸 솝 950ml,건성,88,4.818181818181818
3874820,[페이스&바디클렌저]티트리 퓨어 캐스틸 솝 950ml,민감성,83,4.9397590361445785
3874820,[페이스&바디클렌저]티트리 퓨어 캐스틸 솝 950ml,복합성,363,4.889807162534435
3874820,[페이스&바디클렌저]티트리 퓨어 캐스틸 솝 950ml,지성,371,4.908355795148248
3883040,오어스 트리플 레이어 히알루론시카 7초 앰플 105ml,건성,31,4.870967741935484
3883040,오어스 트리플 레이어 히알루론시카 7초 앰플 105ml,민감성,13,4.846153846153846
3883040,오어스 트리플 레이어 히알루론시카 7초 앰플 105ml,복합성,74,4.878378378378378
3883040,오어스 트리플 레이어 히알루론시카 7초 앰플 105ml,지성,14,4.714285714285714
3884317,선데이 보라 톤업 선 세럼 55ml [SPF50+/PA++++],건성,49,4.755102040816326
3884317,선데이 보라 톤업 선 세럼 55ml [SPF50+/PA++++],민감성,12,4.666666666666667
3884317,선데이 보라 톤업 선 세럼 55ml [SPF50+/PA++++],복합성,104,4.663461538461538
3884317,선데이 보라 톤업 선 세럼 55ml [SPF50+/PA++++],지성,16,4.875
3901580,어니언 프레쉬 라이트 선 스틱 22g,건성,11,4.909090909090909
3901580,어니언 프레쉬 라이트 선 스틱 22g,복합성,24,4.625
3901580,어니언 프레쉬 라이트 선 스틱 22g,지성,33,4.606060606060606
3912658,아토베리어365 크림미스트 120ML,건성,223,4.856502242152466
3912658,아토베리어365 크림미스트 120ML,민감성,85,4.788235294117647
3912658,아토베리어365 크림미스트 120ML,복합성,289,4.85121107266436
3912658,아토베리어365 크림미스트 120ML,지성,82,4.7926829268292686
3951459,더마UV365 장벽수분 무기자차 선크림 40ml *2,건성,21,5.0
3951459,더마UV365 장벽수분 무기자차 선크림 40ml *2,민감성,21,4.857142857142857
3951459,더마UV365 장벽수분 무기자차 선크림 40ml *2,복합성,69,4.913043478260869
3951459,더마UV365 장벽수분 무기자차 선크림 40ml *2,지성,24,4.958333333333333
3956566,[코튼 비누향]클린노트 파우더리 코튼 바디로션 500ml + 바디워시 180ml 증정,복합성,20,4.75
3975534,톤업 워터링 선스크린 SPF50+ PA4+ 60mL 2개,복합성,13,4.923076923076923
4002714,베드타임 로션 500ml x2,건성,101,4.861386138613861
4002714,베드타임 로션 500ml x2,민감성,40,4.775
4002714,베드타임 로션 500ml x2,복합성,175,4.851428571428571
4002714,베드타임 로션 500ml x2,지성,62,4.887096774193548
4004114,베드타임 오일500ml x2,복합성,22,4.7272727272727275
4004947,스트레스 릴리프 로션 354ml x2,건성,20,4.95
4004947,스트레스 릴리프 로션 354ml x2,복합성,32,4.71875
4004947,스트레스 릴리프 로션 354ml x2,지성,11,4.545454545454546
4057131,노스카나인 트러블 바디 미스트 35ml  x 2ea,복합성,21,4.714285714285714
4061945,(진정젤) 수딩 알로에 베라 젤 180ML,건성,84,4.845238095238095
4061945,(진정젤) 수딩 알로에 베라 젤 180ML,민감성,26,4.923076923076923
4061945,(진정젤) 수딩 알로에 베라 젤 180ML,복합성,178,4.825842696629214
4061945,(진정젤) 수딩 알로에 베라 젤 180ML,지성,111,4.783783783783784
4068658,밀착 커버 톤업 선 쿠션 클리어 베이지 12g,복합성,12,4.583333333333333
4068966,1번 판토텐산 액티브업 수딩세럼 50ml,건성,58,4.862068965517241
4068966,1번 판토텐산 액티브업 수딩세럼 50ml,민감성,45,4.7555555555555555
4068966,1번 판토텐산 액티브업 수딩세럼 50ml,복합성,161,4.925465838509317
4068966,1번 판토텐산 액티브업 수딩세럼 50ml,지성,87,4.942528735632184
4069040,1번 청초 진정맑은 물막선크림 50ml SPF50+ PA++++,건성,29,4.9655172413793105
4069040,1번 청초 진정맑은 물막선크림 50ml SPF50+ PA++++,민감성,17,4.764705882352941
4069040,1번 청초 진정맑은 물막선크림 50ml SPF50+ PA++++,복합성,94,4.946808510638298
4069040,1번 청초 진정맑은 물막선크림 50ml SPF50+ PA++++,지성,35,4.914285714285715
4069583,1번 진정 맑게담은 청초토너 300ml,건성,48,4.833333333333333
4069583,1번 진정 맑게담은 청초토너 300ml,민감성,33,4.818181818181818
4069583,1번 진정 맑게담은 청초토너 300ml,복합성,156,4.910256410256411
4069583,1번 진정 맑게담은 청초토너 300ml,지성,121,4.859504132231405
4082260,[2pack] 청귤 비타C 세럼 미스트 100ml,건성,13,5.0
4082260,[2pack] 청귤 비타C 세럼 미스트 100ml,복합성,11,4.818181818181818
4101773,시카 카밍 아쿠아 패드 60매  (+시카선세럼10ml증정),복합성,14,4.428571428571429
4108584,마데카소사이드 수분 흔적 리페어 세럼 40ml,건성,124,4.741935483870968
4108584,마데카소사이드 수분 흔적 리페어 세럼 40ml,민감성,111,4.684684684684685
4108584,마데카소사이드 수분 흔적 리페어 세럼 40ml,복합성,379,4.649076517150395
4108584,마데카소사이드 수분 흔적 리페어 세럼 40ml,지성,284,4.725352112676056
4114590,비건ㅊㅋㅊㅋ바  (올인원 바 + 양초 선물 패키지),복합성,10,4.9
4136438,알로에 리바이탈라이징 수딩젤 300mL,복합성,22,4.7727272727272725
4136438,알로에 리바이탈라이징 수딩젤 300mL,지성,14,4.785714285714286
4137230,시카 아크네 클리어 바디워시 400ml 2pack,건성,22,4.863636363636363
4137230,시카 아크네 클리어 바디워시 400ml 2pack,복합성,52,4.826923076923077
4137230,시카 아크네 클리어 바디워시 400ml 2pack,지성,33,4.848484848484849
4144561,맨즈 톤 컨트롤 커버로션 65ml (+아쿠아 올인원 로션 30ml 증정),건성,34,4.735294117647059
4144561,맨즈 톤 컨트롤 커버로션 65ml (+아쿠아 올인원 로션 30ml 증정),민감성,17,4.764705882352941
4144561,맨즈 톤 컨트롤 커버로션 65ml (+아쿠아 올인원 로션 30ml 증정),복합성,100,4.87
4144561,맨즈 톤 컨트롤 커버로션 65ml (+아쿠아 올인원 로션 30ml 증정),지성,91,4.846153846153846
4145748,티트리 90 클리어 바디 미스트 200ml * 2EA,복합성,11,5.0
4161811,수퍼 판테놀 리페어 크림 70ml,건성,17,4.882352941176471
4161811,수퍼 판테놀 리페어 크림 70ml,복합성,29,4.862068965517241
4161811,수퍼 판테놀 리페어 크림 70ml,지성,10,5.0
4174765,[2개] 퓨어 블록 아쿠아 선 젤 이엑스(EX) 50ml*2,복합성,20,4.8
4174765,[2개] 퓨어 블록 아쿠아 선 젤 이엑스(EX) 50ml*2,지성,13,4.384615384615385
4192169,[화잘먹 촉촉DUO] 스킨 베리어 카밍 로션 EX 220ml + 스킨 베리어 카밍 소프너 250ml,건성,35,4.857142857142857
4192169,[화잘먹 촉촉DUO] 스킨 베리어 카밍 로션 EX 220ml + 스킨 베리어 카밍 소프너 250ml,민감성,14,5.0
4192169,[화잘먹 촉촉DUO] 스킨 베리어 카밍 로션 EX 220ml + 스킨 베리어 카밍 소프너 250ml,복합성,72,4.875
4192169,[화잘먹 촉촉DUO] 스킨 베리어 카밍 로션 EX 220ml + 스킨 베리어 카밍 소프너 250ml,지성,10,4.7
4197237,[2개] 민트 스칼프 헤어 식초 200ml*2,건성,30,4.9
4197237,[2개] 민트 스칼프 헤어 식초 200ml*2,민감성,15,4.933333333333334
4197237,[2개] 민트 스칼프 헤어 식초 200ml*2,복합성,85,4.8
4197237,[2개] 민트 스칼프 헤어 식초 200ml*2,지성,94,4.851063829787234
4200146,미남크림 화이트닝 남자 톤업크림 50ml 2개입,복합성,10,4.9
4229925,호텔테라피 퍼퓸 대용량 바디워시 1013ml,건성,211,4.786729857819905
4229925,호텔테라피 퍼퓸 대용량 바디워시 1013ml,민감성,63,4.761904761904762
4229925,호텔테라피 퍼퓸 대용량 바디워시 1013ml,복합성,408,4.83578431372549
4229925,호텔테라피 퍼퓸 대용량 바디워시 1013ml,지성,195,4.897435897435898
4234036,호텔 테라피 퍼퓸 대용량  바디로션 1013ml,건성,277,4.76173285198556
4234036,호텔 테라피 퍼퓸 대용량  바디로션 1013ml,민감성,94,4.861702127659575
4234036,호텔 테라피 퍼퓸 대용량  바디로션 1013ml,복합성,492,4.780487804878049
4234036,호텔 테라피 퍼퓸 대용량  바디로션 1013ml,지성,205,4.804878048780488
4238369,마스크 핏 쿨 선 쿠션 (+ 퍼프2P/샤쉐 증정),건성,27,4.518518518518518
4238369,마스크 핏 쿨 선 쿠션 (+ 퍼프2P/샤쉐 증정),민감성,11,4.7272727272727275
4238369,마스크 핏 쿨 선 쿠션 (+ 퍼프2P/샤쉐 증정),복합성,30,4.466666666666667
4238369,마스크 핏 쿨 선 쿠션 (+ 퍼프2P/샤쉐 증정),지성,13,4.769230769230769
4240698,퍼퓸 버블 대용량 핸드워시 515ml 5종 선물세트,건성,46,4.8478260869565215
4240698,퍼퓸 버블 대용량 핸드워시 515ml 5종 선물세트,민감성,11,4.454545454545454
4240698,퍼퓸 버블 대용량 핸드워시 515ml 5종 선물세트,복합성,107,4.850467289719626
4240698,퍼퓸 버블 대용량 핸드워시 515ml 5종 선물세트,지성,26,4.923076923076923
4243146,울트라 라이트 인비저블 선세럼 50ml  SPF50+ PA++++,건성,39,4.846153846153846
4243146,울트라 라이트 인비저블 선세럼 50ml  SPF50+ PA++++,민감성,33,4.909090909090909
4243146,울트라 라이트 인비저블 선세럼 50ml  SPF50+ PA++++,복합성,89,4.764044943820225
4243146,울트라 라이트 인비저블 선세럼 50ml  SPF50+ PA++++,지성,49,4.73469387755102
4243218,울트라 라이트 인비저블 선세럼 50ml x 2개,건성,33,4.909090909090909
4243218,울트라 라이트 인비저블 선세럼 50ml x 2개,민감성,16,4.875
4243218,울트라 라이트 인비저블 선세럼 50ml x 2개,복합성,83,4.843373493975903
4243218,울트라 라이트 인비저블 선세럼 50ml x 2개,지성,41,4.926829268292683
4258330,바디 에멀전 타입 R 프라그란트 보틀 300ml,건성,16,4.9375
4258330,바디 에멀전 타입 R 프라그란트 보틀 300ml,복합성,22,4.954545454545454
4258330,바디 에멀전 타입 R 프라그란트 보틀 300ml,지성,11,4.909090909090909
4268782,진저 아쿠아 릴리프 선크림 40ml,복합성,12,4.916666666666667
4269127,멀티 유즈 바디 퍼퓸 스프레이 200ml 2종(내추럴/프레쉬),민감성,11,4.2727272727272725
4269127,멀티 유즈 바디 퍼퓸 스프레이 200ml 2종(내추럴/프레쉬),복합성,65,4.676923076923077
4269127,멀티 유즈 바디 퍼퓸 스프레이 200ml 2종(내추럴/프레쉬),지성,42,4.904761904761905
4269189,[2pack] 비건라이스 밀크 수분 선크림 50ml,복합성,10,4.5
4281794,율무 선크림 SPF 50+ PA++++,복합성,11,4.7272727272727275
4307508,[10ml 추가 증정] 레이저 UV 썬스크린 50ml+50ml,건성,146,4.821917808219178
4307508,[10ml 추가 증정] 레이저 UV 썬스크린 50ml+50ml,민감성,55,4.945454545454545
4307508,[10ml 추가 증정] 레이저 UV 썬스크린 50ml+50ml,복합성,317,4.924290220820189
4307508,[10ml 추가 증정] 레이저 UV 썬스크린 50ml+50ml,지성,135,4.9185185185185185
4362324,비건 팩스크럽 210g 3종택1,건성,38,4.894736842105263
4362324,비건 팩스크럽 210g 3종택1,민감성,12,4.833333333333333
4362324,비건 팩스크럽 210g 3종택1,복합성,94,4.914893617021277
4362324,비건 팩스크럽 210g 3종택1,지성,23,4.869565217391305
4362460,비건 토핑 바디버터 190g (3종 택1),건성,79,4.6835443037974684
4362460,비건 토핑 바디버터 190g (3종 택1),민감성,21,4.428571428571429
4362460,비건 토핑 바디버터 190g (3종 택1),복합성,103,4.805825242718447
4362460,비건 토핑 바디버터 190g (3종 택1),지성,37,4.837837837837838
4385080,비터버터 바디워시 500ml & 바디로션 400ml 세트,건성,48,4.729166666666667
4385080,비터버터 바디워시 500ml & 바디로션 400ml 세트,민감성,17,5.0
4385080,비터버터 바디워시 500ml & 바디로션 400ml 세트,복합성,94,4.9361702127659575
4385080,비터버터 바디워시 500ml & 바디로션 400ml 세트,지성,39,4.82051282051282
4426280,히알루론 하이드레이팅 선크림 50ml,건성,11,4.909090909090909
4426280,히알루론 하이드레이팅 선크림 50ml,복합성,14,5.0
4427853,[유통기한임박:26년8월] 프리미엄 비타 듀얼 앰플 3.7 (2ml x 10ea),건성,16,4.5625
4427853,[유통기한임박:26년8월] 프리미엄 비타 듀얼 앰플 3.7 (2ml x 10ea),복합성,36,4.694444444444445
4428169,보로탈코 벨벳팅 바디크림 150ml (2 pack),건성,210,4.928571428571429
4428169,보로탈코 벨벳팅 바디크림 150ml (2 pack),민감성,67,4.6716417910447765
4428169,보로탈코 벨벳팅 바디크림 150ml (2 pack),복합성,317,4.9116719242902205
4428169,보로탈코 벨벳팅 바디크림 150ml (2 pack),지성,112,4.919642857142857
4431245,[보이넥스트도어 PICK] 헤어 바디 퍼퓸 미스트 100ml 월넛크릭그린,건성,188,4.808510638297872
4431245,[보이넥스트도어 PICK] 헤어 바디 퍼퓸 미스트 100ml 월넛크릭그린,민감성,81,4.6419753086419755
4431245,[보이넥스트도어 PICK] 헤어 바디 퍼퓸 미스트 100ml 월넛크릭그린,복합성,358,4.798882681564246
4431245,[보이넥스트도어 PICK] 헤어 바디 퍼퓸 미스트 100ml 월넛크릭그린,지성,170,4.788235294117647
4456293,화이트 홀릭 퀵 화이트닝 톤업크림 50ml,복합성,16,4.5625
4461242,하이퍼 핏 컬러 밤 10g,건성,24,4.833333333333333
4461242,하이퍼 핏 컬러 밤 10g,복합성,52,4.480769230769231
4461242,하이퍼 핏 컬러 밤 10g,지성,23,4.782608695652174
4464480,[2개] 녹두 모공 타이트업 수딩크림 60ml (증정: 녹두 세럼 15ml),건성,29,4.689655172413793
4464480,[2개] 녹두 모공 타이트업 수딩크림 60ml (증정: 녹두 세럼 15ml),민감성,29,4.655172413793103
4464480,[2개] 녹두 모공 타이트업 수딩크림 60ml (증정: 녹두 세럼 15ml),복합성,88,4.920454545454546
4464480,[2개] 녹두 모공 타이트업 수딩크림 60ml (증정: 녹두 세럼 15ml),지성,41,4.878048780487805
4469656,퓨어 블록 톤업 선 쿠션 11g (SPF50+),건성,11,4.818181818181818
4469656,퓨어 블록 톤업 선 쿠션 11g (SPF50+),복합성,25,4.6
4485242,[보이넥스트도어 PICK] 니치퍼퓸 핸드크림 월넛크릭그린,건성,127,4.905511811023622
4485242,[보이넥스트도어 PICK] 니치퍼퓸 핸드크림 월넛크릭그린,민감성,42,4.761904761904762
4485242,[보이넥스트도어 PICK] 니치퍼퓸 핸드크림 월넛크릭그린,복합성,252,4.861111111111111
4485242,[보이넥스트도어 PICK] 니치퍼퓸 핸드크림 월넛크릭그린,지성,97,4.907216494845361
4502057,[콜라보] 블랙헤드 세라마이드 유자 힐링 클렌징 밤 135ml+여행용 10g+헤어핀 굿즈,건성,31,5.0
4502057,[콜라보] 블랙헤드 세라마이드 유자 힐링 클렌징 밤 135ml+여행용 10g+헤어핀 굿즈,민감성,10,5.0
4502057,[콜라보] 블랙헤드 세라마이드 유자 힐링 클렌징 밤 135ml+여행용 10g+헤어핀 굿즈,복합성,60,4.95
4502057,[콜라보] 블랙헤드 세라마이드 유자 힐링 클렌징 밤 135ml+여행용 10g+헤어핀 굿즈,지성,15,5.0
4504075,퍼퓸 바디 스프레이 200ml 4종 중 택1 (로즈/오션/레더/우디 향),건성,11,5.0
4504075,퍼퓸 바디 스프레이 200ml 4종 중 택1 (로즈/오션/레더/우디 향),민감성,13,5.0
4504075,퍼퓸 바디 스프레이 200ml 4종 중 택1 (로즈/오션/레더/우디 향),복합성,41,4.7560975609756095
4504075,퍼퓸 바디 스프레이 200ml 4종 중 택1 (로즈/오션/레더/우디 향),지성,24,4.75
4520321,페이스 앤 바디바 (온 더 브리즈) 100g,복합성,11,5.0
4542162,수딩 알로에 베라 젤 300ML,건성,12,4.916666666666667
4542162,수딩 알로에 베라 젤 300ML,민감성,16,4.8125
4542162,수딩 알로에 베라 젤 300ML,복합성,51,4.921568627450981
4542162,수딩 알로에 베라 젤 300ML,지성,22,4.909090909090909
4546851,선글로스 글로우업 무기자차 선크림 오리지널 50ml,건성,29,4.655172413793103
4546851,선글로스 글로우업 무기자차 선크림 오리지널 50ml,민감성,14,4.857142857142857
4546851,선글로스 글로우업 무기자차 선크림 오리지널 50ml,복합성,74,4.824324324324325
4546851,선글로스 글로우업 무기자차 선크림 오리지널 50ml,지성,21,4.904761904761905
4582664,풋 케어 스틱 20g /발각질관리/풋크림/바디케어,복합성,24,4.75
4613818,스노우화이트 인그로운헤어 에프터 왁싱 스크럽 500g,민감성,11,4.909090909090909
4613818,스노우화이트 인그로운헤어 에프터 왁싱 스크럽 500g,복합성,19,5.0
4630506,[플로우윤 pick] [아떼X세터] 립 글로이 밤 (세터 콜라보 거울 키링 & 포장 박스 증정),건성,161,4.720496894409938
4630506,[플로우윤 pick] [아떼X세터] 립 글로이 밤 (세터 콜라보 거울 키링 & 포장 박스 증정),민감성,65,4.8
4630506,[플로우윤 pick] [아떼X세터] 립 글로이 밤 (세터 콜라보 거울 키링 & 포장 박스 증정),복합성,282,4.75531914893617
4630506,[플로우윤 pick] [아떼X세터] 립 글로이 밤 (세터 콜라보 거울 키링 & 포장 박스 증정),지성,108,4.796296296296297
4637456,HDEX 바디스프레이 3종,복합성,17,4.764705882352941
4638313,퍼퓸 파우더 선팩트 12.5 (2color) + [증정] 미니 팩트,복합성,19,4.842105263157895
4641332,[콜라보] 세라마이드 유자 바이오 클렌징 오일 200ml+20ml+헤어핀 굿즈,건성,38,4.815789473684211
4641332,[콜라보] 세라마이드 유자 바이오 클렌징 오일 200ml+20ml+헤어핀 굿즈,민감성,15,4.733333333333333
4641332,[콜라보] 세라마이드 유자 바이오 클렌징 오일 200ml+20ml+헤어핀 굿즈,복합성,69,4.956521739130435
4641332,[콜라보] 세라마이드 유자 바이오 클렌징 오일 200ml+20ml+헤어핀 굿즈,지성,19,5.0
4650498,[어성초 세럼 5ml 증정] 어성초 카밍 토너 스킨 부스터 200ml,건성,137,4.795620437956204
4650498,[어성초 세럼 5ml 증정] 어성초 카밍 토너 스킨 부스터 200ml,민감성,83,4.867469879518072
4650498,[어성초 세럼 5ml 증정] 어성초 카밍 토너 스킨 부스터 200ml,복합성,332,4.867469879518072
4650498,[어성초 세럼 5ml 증정] 어성초 카밍 토너 스킨 부스터 200ml,지성,172,4.767441860465116
4667517,아토베리어365 세라-히알 속수분 앰플 30ml,건성,70,4.871428571428571
4667517,아토베리어365 세라-히알 속수분 앰플 30ml,민감성,26,4.769230769230769
4667517,아토베리어365 세라-히알 속수분 앰플 30ml,복합성,102,4.862745098039215
4667517,아토베리어365 세라-히알 속수분 앰플 30ml,지성,54,4.981481481481482
4673454,아쿠아티카 썬스크린 35ml 2pack,건성,78,4.782051282051282
4673454,아쿠아티카 썬스크린 35ml 2pack,민감성,37,4.972972972972973
4673454,아쿠아티카 썬스크린 35ml 2pack,복합성,140,4.921428571428572
4673454,아쿠아티카 썬스크린 35ml 2pack,지성,71,4.845070422535211
4675319,딥 모이스처 퍼퓸드 핸드워시,건성,11,5.0
4675319,딥 모이스처 퍼퓸드 핸드워시,복합성,11,4.909090909090909
4676940,그린 토마토 토너 250ml,복합성,12,4.916666666666667
4686210,볼류마이징 PE 립밤 4g,복합성,14,4.928571428571429
4696710,핸드워시 300mL (4종 중 택1/+키링 핸드워시 30mL 증정),건성,28,4.964285714285714
4696710,핸드워시 300mL (4종 중 택1/+키링 핸드워시 30mL 증정),복합성,30,4.833333333333333
4699473,때밀이 바디필링 살국수 때필링 300ml (택1),복합성,17,4.647058823529412
4701719,레이저 UV 썬스크린 50ml,건성,190,4.889473684210526
4701719,레이저 UV 썬스크린 50ml,민감성,75,4.906666666666666
4701719,레이저 UV 썬스크린 50ml,복합성,384,4.856770833333333
4701719,레이저 UV 썬스크린 50ml,지성,176,4.863636363636363
4709019,산양유 바디로션 350ml 2개+바디로션 7ml 5개,건성,56,4.857142857142857
4709019,산양유 바디로션 350ml 2개+바디로션 7ml 5개,민감성,27,4.925925925925926
4709019,산양유 바디로션 350ml 2개+바디로션 7ml 5개,복합성,130,4.869230769230769
4709019,산양유 바디로션 350ml 2개+바디로션 7ml 5개,지성,55,4.927272727272728
4718316,[2PACK] 클리어 바디 미스트 200ml,건성,47,4.872340425531915
4718316,[2PACK] 클리어 바디 미스트 200ml,민감성,47,4.829787234042553
4718316,[2PACK] 클리어 바디 미스트 200ml,복합성,208,4.8798076923076925
4718316,[2PACK] 클리어 바디 미스트 200ml,지성,137,4.9416058394160585
4718354,[2PACK] 비건 선 바디 미스트 85ml,복합성,16,4.6875
4741246,로우바이브 핸드워시 300ml,복합성,10,5.0
4769036,마다가스카르 센텔라 히알루-시카 워터핏 선 세럼 (대용량) 100ml,건성,31,4.903225806451613
4769036,마다가스카르 센텔라 히알루-시카 워터핏 선 세럼 (대용량) 100ml,민감성,19,4.947368421052632
4769036,마다가스카르 센텔라 히알루-시카 워터핏 선 세럼 (대용량) 100ml,복합성,49,4.918367346938775
4769036,마다가스카르 센텔라 히알루-시카 워터핏 선 세럼 (대용량) 100ml,지성,23,4.913043478260869
4787649,노스카나인 유브이 에이징 베리어 선세럼 40ml [SPF50+/PA++++],복합성,13,4.846153846153846
4791073,[사은품 증정] (대용량) 그린티 씨드 히알루론산 크림 80mL + 15mL 2개 + 화산송이 폼 30g 1개,건성,16,4.875
4791073,[사은품 증정] (대용량) 그린티 씨드 히알루론산 크림 80mL + 15mL 2개 + 화산송이 폼 30g 1개,복합성,38,4.921052631578948
4795889,레플리카 레이지 선데이 모닝 핸드크림 50ML,건성,15,5.0
4795889,레플리카 레이지 선데이 모닝 핸드크림 50ML,복합성,66,4.878787878787879
4795889,레플리카 레이지 선데이 모닝 핸드크림 50ML,지성,40,4.95
4796530,워터 스플래쉬 선크림 세라마이드 30ml,복합성,14,4.928571428571429
4798093,pomponne 038 hand cream,건성,16,4.5625
4798093,pomponne 038 hand cream,민감성,11,4.909090909090909
4798093,pomponne 038 hand cream,복합성,10,4.7
4823763,[2PACK] 바다포도 모공앰플 50mlX2개(+핑구에코백 증정),건성,101,4.732673267326732
4823763,[2PACK] 바다포도 모공앰플 50mlX2개(+핑구에코백 증정),민감성,40,4.5
4823763,[2PACK] 바다포도 모공앰플 50mlX2개(+핑구에코백 증정),복합성,326,4.782208588957055
4823763,[2PACK] 바다포도 모공앰플 50mlX2개(+핑구에코백 증정),지성,193,4.7357512953367875
4831280,어린쑥 트러블 미스트 120ml,건성,12,4.916666666666667
4831280,어린쑥 트러블 미스트 120ml,복합성,31,4.935483870967742
4833361,비타 워터프루프 선스틱 18g SPF50+ PA++++,건성,12,5.0
4833361,비타 워터프루프 선스틱 18g SPF50+ PA++++,복합성,12,4.833333333333333
4836510,오스몰250 수용성 마사지젤,건성,29,4.827586206896552
4836510,오스몰250 수용성 마사지젤,복합성,40,4.775
4836510,오스몰250 수용성 마사지젤,지성,35,4.885714285714286
4845118,플로라글로우 로즈 워터 토너 500ml,건성,41,4.804878048780488
4845118,플로라글로우 로즈 워터 토너 500ml,복합성,69,4.869565217391305
4845118,플로라글로우 로즈 워터 토너 500ml,지성,19,4.947368421052632
4846606,리바이탈라이징 CE 선스크린 50ml SPF50+ PA++++,복합성,11,4.636363636363637
4855113,더 화이트 컬렉션 핸드크림 30mL (3종 중 택1),복합성,17,4.9411764705882355
4855172,더 화이트 컬렉션 바디로션 250mL (3종 중 택1/+손소독제 증정),복합성,11,5.0
4855219,히알루론산 프레쉬 선 세럼 50ml (증정: 어니언 톤업 선 10ml),건성,53,4.811320754716981
4855219,히알루론산 프레쉬 선 세럼 50ml (증정: 어니언 톤업 선 10ml),민감성,15,4.6
4855219,히알루론산 프레쉬 선 세럼 50ml (증정: 어니언 톤업 선 10ml),복합성,96,4.822916666666667
4855219,히알루론산 프레쉬 선 세럼 50ml (증정: 어니언 톤업 선 10ml),지성,35,4.828571428571428
4858297,[수분광/파데프리] 비건 화이트 톤업 크림 50ml,복합성,15,4.733333333333333
4862519,[2개] 녹두 쿨링 수분 선크림 50ml (+10ml 추가 증정),건성,62,4.82258064516129
4862519,[2개] 녹두 쿨링 수분 선크림 50ml (+10ml 추가 증정),민감성,58,4.775862068965517
4862519,[2개] 녹두 쿨링 수분 선크림 50ml (+10ml 추가 증정),복합성,311,4.855305466237942
4862519,[2개] 녹두 쿨링 수분 선크림 50ml (+10ml 추가 증정),지성,211,4.7725118483412325
4864433,어웨이크닝 바디오일 페퍼민트 & 유칼립투스 100ML * 2개,건성,10,5.0
4864433,어웨이크닝 바디오일 페퍼민트 & 유칼립투스 100ML * 2개,복합성,18,5.0
4875035,더마UV365 비타C 광채수분 선크림 40ml,건성,11,4.7272727272727275
4875035,더마UV365 비타C 광채수분 선크림 40ml,복합성,12,4.5
4911655,레드이치 가려움 케어 오일 200ml,건성,22,4.954545454545454
4911655,레드이치 가려움 케어 오일 200ml,복합성,39,4.743589743589744
4911669,레드이치 고보습 큐어밤 60ml,건성,13,4.923076923076923
4911669,레드이치 고보습 큐어밤 60ml,복합성,28,4.857142857142857
4931684,크림 스킨 미스트 30ml,건성,24,4.458333333333333
4931684,크림 스킨 미스트 30ml,복합성,29,4.620689655172414
4942279,수분초 히알루론 선세럼 워터리 튜브 SPF50+ PA++++ 50ml(+선크림 3EA 랜덤 증정),건성,28,4.928571428571429
4942279,수분초 히알루론 선세럼 워터리 튜브 SPF50+ PA++++ 50ml(+선크림 3EA 랜덤 증정),복합성,65,4.923076923076923
4942279,수분초 히알루론 선세럼 워터리 튜브 SPF50+ PA++++ 50ml(+선크림 3EA 랜덤 증정),지성,27,4.925925925925926
4942385,글루타치온좀 CC 선크림 토닝 튜브 SPF50+ PA++++ 50ml(+선크림 샘플 키트 증정),건성,69,4.826086956521739
4942385,글루타치온좀 CC 선크림 토닝 튜브 SPF50+ PA++++ 50ml(+선크림 샘플 키트 증정),민감성,25,4.76
4942385,글루타치온좀 CC 선크림 토닝 튜브 SPF50+ PA++++ 50ml(+선크림 샘플 키트 증정),복합성,147,4.707482993197279
4942385,글루타치온좀 CC 선크림 토닝 튜브 SPF50+ PA++++ 50ml(+선크림 샘플 키트 증정),지성,46,4.6521739130434785
4972381,[2pack] 캘리포니아 알로에 쿨링 수분 선스틱 SPF50+ PA++++,복합성,20,4.7
4976302,다이브인 워터리 핏 선세럼 50ml,복합성,12,5.0
4979053,비글로우 글리밍 캘리 에디션 쿠션 단품 기획 (증정 : 꾸뛰르 미니 칠링칠링),건성,11,4.636363636363637
4979053,비글로우 글리밍 캘리 에디션 쿠션 단품 기획 (증정 : 꾸뛰르 미니 칠링칠링),복합성,10,4.6
4981848,레드수딩 시카밸런스 크림 80ml,건성,32,4.78125
4981848,레드수딩 시카밸런스 크림 80ml,민감성,27,4.962962962962963
4981848,레드수딩 시카밸런스 크림 80ml,복합성,180,4.905555555555556
4981848,레드수딩 시카밸런스 크림 80ml,지성,193,4.896373056994818
4983383,브리즈핏 톤업 선베이스,건성,39,4.897435897435898
4983383,브리즈핏 톤업 선베이스,복합성,80,4.925
4983383,브리즈핏 톤업 선베이스,지성,13,4.538461538461538
4983539,스킨 인핸서 컴팩트 글로우 쿠션,건성,49,4.836734693877551
4983539,스킨 인핸서 컴팩트 글로우 쿠션,복합성,48,4.75
4989897,[조슈아 PICK/진짜장벽회복크림] 익스트림 크림 65ml 오리지널 (tube)X 2개+[증정]익스트림크림라이트10ml+익스트림로션10ml+잡티세럼10ml,건성,106,4.943396226415095
4989897,[조슈아 PICK/진짜장벽회복크림] 익스트림 크림 65ml 오리지널 (tube)X 2개+[증정]익스트림크림라이트10ml+익스트림로션10ml+잡티세럼10ml,민감성,40,4.975
4989897,[조슈아 PICK/진짜장벽회복크림] 익스트림 크림 65ml 오리지널 (tube)X 2개+[증정]익스트림크림라이트10ml+익스트림로션10ml+잡티세럼10ml,복합성,193,4.932642487046632
4989897,[조슈아 PICK/진짜장벽회복크림] 익스트림 크림 65ml 오리지널 (tube)X 2개+[증정]익스트림크림라이트10ml+익스트림로션10ml+잡티세럼10ml,지성,63,4.873015873015873
4991722,데일리 모이스처 바디워시 코튼머스크 880ML+[증정]쿨시트1매,건성,56,4.910714285714286
4991722,데일리 모이스처 바디워시 코튼머스크 880ML+[증정]쿨시트1매,민감성,32,4.90625
4991722,데일리 모이스처 바디워시 코튼머스크 880ML+[증정]쿨시트1매,복합성,141,4.914893617021277
4991722,데일리 모이스처 바디워시 코튼머스크 880ML+[증정]쿨시트1매,지성,47,4.914893617021277
5004271,포스트 알파 퍼스트 쿨링 패드 70매 + 70매,건성,103,4.893203883495145
5004271,포스트 알파 퍼스트 쿨링 패드 70매 + 70매,민감성,25,4.72
5004271,포스트 알파 퍼스트 쿨링 패드 70매 + 70매,복합성,209,4.866028708133971
5004271,포스트 알파 퍼스트 쿨링 패드 70매 + 70매,지성,121,4.892561983471074
5006341,에브리데이 선블록  SPF50+PA++++ 200ml,건성,32,4.75
5006341,에브리데이 선블록  SPF50+PA++++ 200ml,민감성,28,4.785714285714286
5006341,에브리데이 선블록  SPF50+PA++++ 200ml,복합성,140,4.9
5006341,에브리데이 선블록  SPF50+PA++++ 200ml,지성,82,4.829268292682927
5006417,데일리 모이스처 바디로션 400MLX 2개+[증정]쿨시트1매+세라엠디로션20ml,건성,44,4.931818181818182
5006417,데일리 모이스처 바디로션 400MLX 2개+[증정]쿨시트1매+세라엠디로션20ml,민감성,17,4.705882352941177
5006417,데일리 모이스처 바디로션 400MLX 2개+[증정]쿨시트1매+세라엠디로션20ml,복합성,85,4.976470588235294
5006417,데일리 모이스처 바디로션 400MLX 2개+[증정]쿨시트1매+세라엠디로션20ml,지성,26,4.923076923076923
5006445,세라엠디 리페어 로션 400MLX 2개+[증정]쿨시트1매+세라엠디로션20ml,건성,177,4.836158192090395
5006445,세라엠디 리페어 로션 400MLX 2개+[증정]쿨시트1매+세라엠디로션20ml,민감성,70,4.885714285714286
5006445,세라엠디 리페어 로션 400MLX 2개+[증정]쿨시트1매+세라엠디로션20ml,복합성,274,4.894160583941606
5006445,세라엠디 리페어 로션 400MLX 2개+[증정]쿨시트1매+세라엠디로션20ml,지성,65,4.984615384615385
5006552,프레쉬 모이스처 바디 로션 400MLX 2개+[증정]쿨시트1매+세라엠디로션20ml,건성,133,4.827067669172933
5006552,프레쉬 모이스처 바디 로션 400MLX 2개+[증정]쿨시트1매+세라엠디로션20ml,민감성,56,4.857142857142857
5006552,프레쉬 모이스처 바디 로션 400MLX 2개+[증정]쿨시트1매+세라엠디로션20ml,복합성,265,4.89811320754717
5006552,프레쉬 모이스처 바디 로션 400MLX 2개+[증정]쿨시트1매+세라엠디로션20ml,지성,131,4.908396946564886
5016698,더 세라마이드 스킨 베리어 모이스처라이저 80ml,건성,139,4.83453237410072
5016698,더 세라마이드 스킨 베리어 모이스처라이저 80ml,민감성,65,4.8
5016698,더 세라마이드 스킨 베리어 모이스처라이저 80ml,복합성,210,4.876190476190477
5016698,더 세라마이드 스킨 베리어 모이스처라이저 80ml,지성,53,4.886792452830188
5020850,[2PACK] 젠틀키스 글로우 틴트 듀오 (9color) + 펜글리터 02선셋글로우 증정,복합성,14,4.642857142857143
5034583,[4종 택1] 구달 어성초 진정/수분/톤업/무기자차 선크림 50ml,건성,83,4.855421686746988
5034583,[4종 택1] 구달 어성초 진정/수분/톤업/무기자차 선크림 50ml,민감성,41,4.853658536585366
5034583,[4종 택1] 구달 어성초 진정/수분/톤업/무기자차 선크림 50ml,복합성,224,4.866071428571429
5034583,[4종 택1] 구달 어성초 진정/수분/톤업/무기자차 선크림 50ml,지성,109,4.825688073394495
5035785,항균 풋샴푸 쿨링 410ML * 2개 구성 + 랩신 물티슈 증정,복합성,14,4.928571428571429
5035850,항균 풋샴푸 3종 세트 구성 410ML + 랩신 손소독티슈 2개입 추가 증정,건성,12,5.0
5035850,항균 풋샴푸 3종 세트 구성 410ML + 랩신 손소독티슈 2개입 추가 증정,복합성,46,4.913043478260869
5035850,항균 풋샴푸 3종 세트 구성 410ML + 랩신 손소독티슈 2개입 추가 증정,지성,16,4.875
5035890,항균 풋샴푸 오리지널 + 쿨링/보습 410ML 2개 구성 + 랩신 손소독티슈 증정,복합성,11,4.909090909090909
5047443,[2PACK] 아쿠아 스쿠알란 세럼 70ml,건성,51,4.882352941176471
5047443,[2PACK] 아쿠아 스쿠알란 세럼 70ml,민감성,45,4.888888888888889
5047443,[2PACK] 아쿠아 스쿠알란 세럼 70ml,복합성,162,4.901234567901234
5047443,[2PACK] 아쿠아 스쿠알란 세럼 70ml,지성,69,5.0
5064157,애플 듀이 핏 쿠션 기획 (본품+리필)(+미니선크림+별키링),건성,11,4.545454545454546
5064157,애플 듀이 핏 쿠션 기획 (본품+리필)(+미니선크림+별키링),복합성,19,4.684210526315789
5066199,데일리 UV 수분장벽 선세럼 SPF50+ PA++++ 50mL,복합성,16,4.875
5066205,데일리 UV 수분장벽 선세럼 SPF50+ PA++++ 50mL 2개,건성,30,4.9
5066205,데일리 UV 수분장벽 선세럼 SPF50+ PA++++ 50mL 2개,민감성,10,5.0
5066205,데일리 UV 수분장벽 선세럼 SPF50+ PA++++ 50mL 2개,복합성,49,4.857142857142857
5066205,데일리 UV 수분장벽 선세럼 SPF50+ PA++++ 50mL 2개,지성,23,4.869565217391305
5069062,[2pack] 소나무 진정 시카 선크림 40ml,건성,10,4.7
5069062,[2pack] 소나무 진정 시카 선크림 40ml,민감성,11,4.636363636363637
5069062,[2pack] 소나무 진정 시카 선크림 40ml,복합성,28,4.892857142857143
5069062,[2pack] 소나무 진정 시카 선크림 40ml,지성,22,5.0
5069336,레모니 플러터 50g - 큐티클 버터,건성,16,4.4375
5069336,레모니 플러터 50g - 큐티클 버터,복합성,29,4.931034482758621
5084191,톤업 CE 선크림 40ml,복합성,11,4.909090909090909
5090978,[+지우개패드2매 증정]오일 컨트롤 선스틱,복합성,25,4.64
5090978,[+지우개패드2매 증정]오일 컨트롤 선스틱,지성,24,4.791666666666667
5094413,3HR 블러링 선파우더,복합성,10,4.9
5094782,테라크네365 바디미스트 200ml,건성,12,4.916666666666667
5094782,테라크네365 바디미스트 200ml,복합성,30,4.8
5098451,[증정] 시카 아크네 클리어 바디워시 400ml,건성,19,4.894736842105263
5098451,[증정] 시카 아크네 클리어 바디워시 400ml,민감성,14,4.857142857142857
5098451,[증정] 시카 아크네 클리어 바디워시 400ml,복합성,62,4.82258064516129
5098451,[증정] 시카 아크네 클리어 바디워시 400ml,지성,38,4.7894736842105265
5098454,시카 아크네 클리어 필링스크럽 200g,복합성,17,4.9411764705882355
5105948,블러 피니쉬 선쿠션 리필기획 SPF50+ PA++++ (2종 택1) (+미니쿠션랜덤증정),건성,63,4.571428571428571
5105948,블러 피니쉬 선쿠션 리필기획 SPF50+ PA++++ (2종 택1) (+미니쿠션랜덤증정),민감성,20,4.55
5105948,블러 피니쉬 선쿠션 리필기획 SPF50+ PA++++ (2종 택1) (+미니쿠션랜덤증정),복합성,123,4.804878048780488
5105948,블러 피니쉬 선쿠션 리필기획 SPF50+ PA++++ (2종 택1) (+미니쿠션랜덤증정),지성,67,4.746268656716418
5106655,스킨톤 선파우더 (SPF 50+ / PA++++),건성,17,4.764705882352941
5106655,스킨톤 선파우더 (SPF 50+ / PA++++),민감성,12,4.916666666666667
5106655,스킨톤 선파우더 (SPF 50+ / PA++++),복합성,65,4.569230769230769
5106655,스킨톤 선파우더 (SPF 50+ / PA++++),지성,73,4.63013698630137
5108799,[데일리장벽크림] 마데카크림 타임리버스 제로 80ml + [증정] 히알론 겔 마스크 1매+크림 5ml,건성,51,4.882352941176471
5108799,[데일리장벽크림] 마데카크림 타임리버스 제로 80ml + [증정] 히알론 겔 마스크 1매+크림 5ml,민감성,33,4.9393939393939394
5108799,[데일리장벽크림] 마데카크림 타임리버스 제로 80ml + [증정] 히알론 겔 마스크 1매+크림 5ml,복합성,131,4.786259541984733
5108799,[데일리장벽크림] 마데카크림 타임리버스 제로 80ml + [증정] 히알론 겔 마스크 1매+크림 5ml,지성,49,4.8979591836734695
5115013,바디로션 300ml (3종 택1) +(증정) 고체향수키링 레몬비누향,건성,85,4.858823529411764
5115013,바디로션 300ml (3종 택1) +(증정) 고체향수키링 레몬비누향,민감성,26,4.6923076923076925
5115013,바디로션 300ml (3종 택1) +(증정) 고체향수키링 레몬비누향,복합성,162,4.895061728395062
5115013,바디로션 300ml (3종 택1) +(증정) 고체향수키링 레몬비누향,지성,43,4.813953488372093
5115265,센녹 스크럽 핸드워시 솝 클린 솝 300ml,복합성,13,5.0
5118997,아쿠아 오아시스 수분 젤크림 80ml+스쿠알란 세럼 70ml,건성,11,4.909090909090909
5118997,아쿠아 오아시스 수분 젤크림 80ml+스쿠알란 세럼 70ml,민감성,12,4.583333333333333
5118997,아쿠아 오아시스 수분 젤크림 80ml+스쿠알란 세럼 70ml,복합성,63,4.920634920634921
5118997,아쿠아 오아시스 수분 젤크림 80ml+스쿠알란 세럼 70ml,지성,76,4.973684210526316
5119038,[2PACK] 어니언 뉴페어 겔크림 플러스 50ml+50ml (증정: 어니언 뉴페어 패드 20매),건성,16,4.9375
5119038,[2PACK] 어니언 뉴페어 겔크림 플러스 50ml+50ml (증정: 어니언 뉴페어 패드 20매),민감성,19,4.7894736842105265
5119038,[2PACK] 어니언 뉴페어 겔크림 플러스 50ml+50ml (증정: 어니언 뉴페어 패드 20매),복합성,71,4.873239436619718
5119038,[2PACK] 어니언 뉴페어 겔크림 플러스 50ml+50ml (증정: 어니언 뉴페어 패드 20매),지성,37,4.8108108108108105
5149111,트리헛 시어 슈가 바디스크럽 510g (19종 택1),건성,137,4.817518248175182
5149111,트리헛 시어 슈가 바디스크럽 510g (19종 택1),민감성,56,4.732142857142857
5149111,트리헛 시어 슈가 바디스크럽 510g (19종 택1),복합성,318,4.90566037735849
5149111,트리헛 시어 슈가 바디스크럽 510g (19종 택1),지성,149,4.939597315436242
5149189,우레아 10 풋크림 100g,건성,13,5.0
5149682,글리코릭 애시드 7％ 엑스폴리에이팅 토너 240ml,복합성,11,4.181818181818182
5154124,마데카소사이드 수분 선세럼 흔적 리페어 50g,건성,75,4.973333333333334
5154124,마데카소사이드 수분 선세럼 흔적 리페어 50g,민감성,40,4.825
5154124,마데카소사이드 수분 선세럼 흔적 리페어 50g,복합성,188,4.8563829787234045
5154124,마데카소사이드 수분 선세럼 흔적 리페어 50g,지성,105,4.895238095238096
5162917,[100분 타임어택] 팡팡 선쿠션 미니 본품 8g,건성,32,4.875
5162917,[100분 타임어택] 팡팡 선쿠션 미니 본품 8g,민감성,18,4.888888888888889
5162917,[100분 타임어택] 팡팡 선쿠션 미니 본품 8g,복합성,50,4.88
5162917,[100분 타임어택] 팡팡 선쿠션 미니 본품 8g,지성,23,4.913043478260869
5187779,퍼펙트 UV 선스크린 스킨케어 밀크 NA 60ml,건성,14,5.0
5187779,퍼펙트 UV 선스크린 스킨케어 밀크 NA 60ml,복합성,29,4.758620689655173
5187779,퍼펙트 UV 선스크린 스킨케어 밀크 NA 60ml,지성,29,5.0
5187907,퍼펙트 UV 선스크린 마일드 밀크 NA 60ml,건성,10,5.0
5187907,퍼펙트 UV 선스크린 마일드 밀크 NA 60ml,복합성,10,5.0
5196308,[프리미엄 고보습] 산양유 바디워시 2가지 향 택 1,건성,25,4.84
5196308,[프리미엄 고보습] 산양유 바디워시 2가지 향 택 1,복합성,31,4.741935483870968
5196308,[프리미엄 고보습] 산양유 바디워시 2가지 향 택 1,지성,14,4.857142857142857
5204774,[저속노화탄력크림] 마데카크림 타이트 리프팅 50ml,복합성,51,4.666666666666667
5206157,[자외선차단 립밤 SPF25 PA++]리더스 PDRN UV 립 프로텍터 (투명/로즈),건성,12,4.583333333333333
5206157,[자외선차단 립밤 SPF25 PA++]리더스 PDRN UV 립 프로텍터 (투명/로즈),복합성,11,4.7272727272727275
5206207,UV 글로우밤 SPF50+ PA++++ 겉보속촉 선스틱,건성,12,5.0
5206207,UV 글로우밤 SPF50+ PA++++ 겉보속촉 선스틱,복합성,23,5.0
5230577,항균 핸드워시 500ml 2개입(센서티브/토탈)+플라워 펌프 증정 구성,복합성,18,4.888888888888889
5231002,[약산성/대용량] 세라마이드 아토 6.0 탑투토워시 1000ml,건성,10,4.9
5231002,[약산성/대용량] 세라마이드 아토 6.0 탑투토워시 1000ml,민감성,10,5.0
5231002,[약산성/대용량] 세라마이드 아토 6.0 탑투토워시 1000ml,복합성,33,4.878787878787879
5243839,[단독 기획 구성] 카멜리아 바디 오일(+ 헤어 콤브),건성,20,4.9
5243839,[단독 기획 구성] 카멜리아 바디 오일(+ 헤어 콤브),복합성,25,4.88
5245770,[2PACK] 아쿠아 시카 부스터 바디워시 500ml,건성,17,4.705882352941177
5245770,[2PACK] 아쿠아 시카 부스터 바디워시 500ml,민감성,10,4.5
5245770,[2PACK] 아쿠아 시카 부스터 바디워시 500ml,복합성,70,4.9
5245770,[2PACK] 아쿠아 시카 부스터 바디워시 500ml,지성,55,4.909090909090909
5245790,[2PACK] 아쿠아 시카 부스터 바디미스트 150ml,건성,10,4.6
5245790,[2PACK] 아쿠아 시카 부스터 바디미스트 150ml,민감성,14,5.0
5245790,[2PACK] 아쿠아 시카 부스터 바디미스트 150ml,복합성,79,4.784810126582278
5245790,[2PACK] 아쿠아 시카 부스터 바디미스트 150ml,지성,45,4.8
5247647,알엑스 초록 비타민 앰플,건성,30,4.766666666666667
5247647,알엑스 초록 비타민 앰플,민감성,21,4.809523809523809
5247647,알엑스 초록 비타민 앰플,복합성,76,4.7894736842105265
5247647,알엑스 초록 비타민 앰플,지성,62,4.919354838709677
5252163,마스크 오브 매그너민티 셀프-프리저빙 - 파워 마스크/페이스 앤 바디 마스크 팩,복합성,16,4.875
5266657,스크럽 바디워시 나이트 블루밍 자스민 향 500ML,복합성,20,5.0
5266657,스크럽 바디워시 나이트 블루밍 자스민 향 500ML,지성,11,4.909090909090909
5266720,스크럽 바디워시 리틀포레스트 미모사 향 500ML,건성,12,4.833333333333333
5266720,스크럽 바디워시 리틀포레스트 미모사 향 500ML,복합성,13,4.846153846153846
5267219,소나무 진정 시카 에어리 선스틱 19g,복합성,22,4.954545454545454
5267219,소나무 진정 시카 에어리 선스틱 19g,지성,16,4.875
5276178,"아쿠아파워 올인원 200ml 세트(+아쿠아파워 클렌저 40ml, 토너 30ml)",건성,46,4.826086956521739
5276178,"아쿠아파워 올인원 200ml 세트(+아쿠아파워 클렌저 40ml, 토너 30ml)",민감성,22,4.863636363636363
5276178,"아쿠아파워 올인원 200ml 세트(+아쿠아파워 클렌저 40ml, 토너 30ml)",복합성,133,4.887218045112782
5276178,"아쿠아파워 올인원 200ml 세트(+아쿠아파워 클렌저 40ml, 토너 30ml)",지성,102,4.813725490196078
5278134,저분자 히알루론산 워터풀 톤업 40ml [SPF50+/PA++++],복합성,12,4.75
5289188,카마 200ml - 보디 스프레이,복합성,15,4.866666666666666
5289207,스토미 웨더 200ml - 보디 스프레이,복합성,22,4.7727272727272725
5293853,어린쑥 속수분 쑥히알 크림 60ml,건성,14,4.785714285714286
5293853,어린쑥 속수분 쑥히알 크림 60ml,복합성,52,4.884615384615385
5293853,어린쑥 속수분 쑥히알 크림 60ml,지성,40,4.9
5333712,원스 어폰 어 타임 200ml - 바디 스프레이,복합성,10,5.0
5367381,히어로 마이 퍼스트 세럼 a.k.a. 만능기초 155ml,건성,181,4.889502762430939
5367381,히어로 마이 퍼스트 세럼 a.k.a. 만능기초 155ml,민감성,57,4.87719298245614
5367381,히어로 마이 퍼스트 세럼 a.k.a. 만능기초 155ml,복합성,203,4.891625615763547
5367381,히어로 마이 퍼스트 세럼 a.k.a. 만능기초 155ml,지성,54,4.925925925925926
5371586,비건 릴리프 무기자차 선크림 50ml (5ml 2개 증정),건성,117,4.837606837606837
5371586,비건 릴리프 무기자차 선크림 50ml (5ml 2개 증정),민감성,84,4.690476190476191
5371586,비건 릴리프 무기자차 선크림 50ml (5ml 2개 증정),복합성,219,4.794520547945205
5371586,비건 릴리프 무기자차 선크림 50ml (5ml 2개 증정),지성,88,4.795454545454546
5371591,비건 릴리프 선 에센스 EX 50ml (7ml 2개 증정),건성,33,4.878787878787879
5371591,비건 릴리프 선 에센스 EX 50ml (7ml 2개 증정),복합성,74,4.891891891891892
5371591,비건 릴리프 선 에센스 EX 50ml (7ml 2개 증정),지성,11,4.909090909090909
5409913,오리지널 바디스크럽 200g 2개 (샤워볼+체험분 3매  단독 증정),건성,107,4.822429906542056
5409913,오리지널 바디스크럽 200g 2개 (샤워볼+체험분 3매  단독 증정),민감성,38,4.947368421052632
5409913,오리지널 바디스크럽 200g 2개 (샤워볼+체험분 3매  단독 증정),복합성,269,4.884758364312268
5409913,오리지널 바디스크럽 200g 2개 (샤워볼+체험분 3매  단독 증정),지성,94,4.925531914893617
5430921,[3개부터 구매가능] 히알루론산 밸런싱 토너,건성,15,4.8
5430921,[3개부터 구매가능] 히알루론산 밸런싱 토너,복합성,56,4.875
5430921,[3개부터 구매가능] 히알루론산 밸런싱 토너,지성,35,4.942857142857143
5430923,[3개부터 구매가능] 펜타 세라마이드 모이스처라이징 토너,건성,17,4.705882352941177
5430923,[3개부터 구매가능] 펜타 세라마이드 모이스처라이징 토너,복합성,48,4.854166666666667
5430923,[3개부터 구매가능] 펜타 세라마이드 모이스처라이징 토너,지성,23,4.869565217391305
5430924,[2개부터 구매가능] 펜타 세라마이드 모이스처라이징 크림,건성,25,4.76
5430924,[2개부터 구매가능] 펜타 세라마이드 모이스처라이징 크림,복합성,52,4.711538461538462
5430924,[2개부터 구매가능] 펜타 세라마이드 모이스처라이징 크림,지성,21,4.666666666666667
5537937,[3PACK] 아쿠아 시카 부스터 바디미스트 150ml,복합성,13,5.0
5538569,[2PACK] 인텐시브 세라마이드 비건 립 마스크 7g 2입,복합성,10,4.8
5611823,[2 PACK] 선포켓 오일컷스틱 15g 노세범 (+매치업 톤업로션 10ml 증정),복합성,14,4.857142857142857
5611936,에딧비 마시멜로 톤업 쿠션,복합성,11,4.7272727272727275
5628895,글로우 필터 톤업크림 50ml+50ml,복합성,12,4.666666666666667
5636197,[SET] 바이옴 베리어 크림 미스트 기획세트 (100ml + 50ml),건성,18,4.555555555555555
5636197,[SET] 바이옴 베리어 크림 미스트 기획세트 (100ml + 50ml),복합성,27,4.592592592592593
5648932,[2pack] 마데카소사이드 수분 흔적 리페어 세럼 40ml+수분 흔적 리페어 크림 50ml (패드+선세럼 추가 증정),복합성,11,4.181818181818182
5650847,스킨 퍼펙팅 스페셜 세트,건성,25,4.8
5650847,스킨 퍼펙팅 스페셜 세트,복합성,22,4.818181818181818
5670126,[유통기한임박특가:26년10월]무향 비건 핸드크림 노 노트X왓어버터 왓 어 핸드버터 망고 50g,건성,11,4.545454545454546
5670126,[유통기한임박특가:26년10월]무향 비건 핸드크림 노 노트X왓어버터 왓 어 핸드버터 망고 50g,복합성,30,4.7
5670126,[유통기한임박특가:26년10월]무향 비건 핸드크림 노 노트X왓어버터 왓 어 핸드버터 망고 50g,지성,13,4.846153846153846
5673546,레드 토마토 젤리 립 마스크 12g,복합성,15,4.666666666666667
5677069,TXA 헬시 글로우 비비 에센스,건성,30,4.766666666666667
5677069,TXA 헬시 글로우 비비 에센스,민감성,11,3.5454545454545454
5677069,TXA 헬시 글로우 비비 에센스,복합성,38,4.7105263157894735
5677069,TXA 헬시 글로우 비비 에센스,지성,28,4.75
5691041,버블 핸드워시 500ml 2개입 세트,복합성,12,4.916666666666667
5691130,화이트 트러플 퍼스트 스프레이 세럼 100ml,건성,244,4.778688524590164
5691130,화이트 트러플 퍼스트 스프레이 세럼 100ml,민감성,63,4.746031746031746
5691130,화이트 트러플 퍼스트 스프레이 세럼 100ml,복합성,365,4.7972602739726025
5691130,화이트 트러플 퍼스트 스프레이 세럼 100ml,지성,89,4.797752808988764
5693203,[3개부터 구매가능] 퍼퓸드 핸드크림 미스틱 우드 30ml,건성,228,4.68859649122807
5693203,[3개부터 구매가능] 퍼퓸드 핸드크림 미스틱 우드 30ml,민감성,75,4.826666666666667
5693203,[3개부터 구매가능] 퍼퓸드 핸드크림 미스틱 우드 30ml,복합성,516,4.784883720930233
5693203,[3개부터 구매가능] 퍼퓸드 핸드크림 미스틱 우드 30ml,지성,257,4.813229571984436
5693204,[2개부터 구매가능] 퍼펙트 실드 밸런싱 선크림 40ml,건성,26,4.730769230769231
5693204,[2개부터 구매가능] 퍼펙트 실드 밸런싱 선크림 40ml,복합성,53,4.811320754716981
5693204,[2개부터 구매가능] 퍼펙트 실드 밸런싱 선크림 40ml,지성,39,4.923076923076923
5693206,[2개부터 구매가능] 퍼펙트 클리어 올인원 워시 330ml,건성,55,4.8545454545454545
5693206,[2개부터 구매가능] 퍼펙트 클리어 올인원 워시 330ml,민감성,24,4.833333333333333
5693206,[2개부터 구매가능] 퍼펙트 클리어 올인원 워시 330ml,복합성,135,4.955555555555556
5693206,[2개부터 구매가능] 퍼펙트 클리어 올인원 워시 330ml,지성,77,4.8311688311688314
5693207,[대용량] 퍼펙트 클리어 올인원 워시 500ml,건성,11,4.818181818181818
5693207,[대용량] 퍼펙트 클리어 올인원 워시 500ml,복합성,30,4.8
5693207,[대용량] 퍼펙트 클리어 올인원 워시 500ml,지성,10,4.9
5699721,[온더바디 컬래버] 코튼풋 발을 씻자 풋샴푸 750ml,건성,103,4.854368932038835
5699721,[온더바디 컬래버] 코튼풋 발을 씻자 풋샴푸 750ml,민감성,53,4.981132075471698
5699721,[온더바디 컬래버] 코튼풋 발을 씻자 풋샴푸 750ml,복합성,316,4.927215189873418
5699721,[온더바디 컬래버] 코튼풋 발을 씻자 풋샴푸 750ml,지성,162,4.925925925925926
5709593,화이트 트러플 퍼스트 스프레이 세럼 100ml+100ml,건성,231,4.792207792207792
5709593,화이트 트러플 퍼스트 스프레이 세럼 100ml+100ml,민감성,59,4.745762711864407
5709593,화이트 트러플 퍼스트 스프레이 세럼 100ml+100ml,복합성,351,4.846153846153846
5709593,화이트 트러플 퍼스트 스프레이 세럼 100ml+100ml,지성,82,4.817073170731708
5709917,워터풀 톤업 선크림(퍼플) 50ml+50ml,건성,41,4.878048780487805
5709917,워터풀 톤업 선크림(퍼플) 50ml+50ml,민감성,11,5.0
5709917,워터풀 톤업 선크림(퍼플) 50ml+50ml,복합성,96,4.677083333333333
5709917,워터풀 톤업 선크림(퍼플) 50ml+50ml,지성,17,4.882352941176471
5717314,더블샷 퍼퓸 바디미스트 120ml 1개입,복합성,14,4.5
5720750,핸드크림 본품 미니 골라담기,복합성,14,4.785714285714286
5753893,워터풀 톤업 선 쿠션 15g 세트 (본품+리필),건성,12,4.75
5816625,[SET] 더 세라마이드 모이스처라이저80ml x 2개 + 펩타이트 스킨부스터 30ml,건성,20,4.9
5816625,[SET] 더 세라마이드 모이스처라이저80ml x 2개 + 펩타이트 스킨부스터 30ml,민감성,10,4.9
5816625,[SET] 더 세라마이드 모이스처라이저80ml x 2개 + 펩타이트 스킨부스터 30ml,복합성,29,4.896551724137931
5821306,히알루론산 물톡스 물빛 광채 선 세럼 (레드 콜라겐 클리어 15ml + 비건비타민 클리어 15ml),복합성,11,4.818181818181818
5837298,[2pack] 메디힐 마데카소사이드 수분 선세럼 흔적 리페어 더블 기획세트,건성,68,4.985294117647059
5837298,[2pack] 메디힐 마데카소사이드 수분 선세럼 흔적 리페어 더블 기획세트,민감성,42,4.738095238095238
5837298,[2pack] 메디힐 마데카소사이드 수분 선세럼 흔적 리페어 더블 기획세트,복합성,188,4.861702127659575
5837298,[2pack] 메디힐 마데카소사이드 수분 선세럼 흔적 리페어 더블 기획세트,지성,107,4.934579439252336
5838236,[증정] 레드이치 케어크림 330ml 2입,건성,15,4.8
5838236,[증정] 레드이치 케어크림 330ml 2입,복합성,28,4.75
5838249,[증정] 울트라리페어 로션 528ml 2입,건성,45,4.7555555555555555
5838249,[증정] 울트라리페어 로션 528ml 2입,복합성,45,4.844444444444444
5838249,[증정] 울트라리페어 로션 528ml 2입,지성,10,5.0
5841340,[쌩얼속보습 SET] 스킨 베리어 카밍 로션 EX 220ml+카밍 립 에센스,건성,19,4.631578947368421
5841340,[쌩얼속보습 SET] 스킨 베리어 카밍 로션 EX 220ml+카밍 립 에센스,복합성,30,4.633333333333334
5847863,펌핑 핸드로션 클래식+튜브 핸드크림 골라담기,복합성,15,5.0
5848372,리얼 히알루로닉 100 토너 500ml,건성,20,5.0
5848372,리얼 히알루로닉 100 토너 500ml,복합성,70,4.942857142857143
5848372,리얼 히알루로닉 100 토너 500ml,지성,34,4.970588235294118
5859496,[옵션선택] 코튼풋 발을씻자 풋샴푸 510ml 2개 + 리필 500ml 1개,건성,25,5.0
5859496,[옵션선택] 코튼풋 발을씻자 풋샴푸 510ml 2개 + 리필 500ml 1개,민감성,12,5.0
5859496,[옵션선택] 코튼풋 발을씻자 풋샴푸 510ml 2개 + 리필 500ml 1개,복합성,88,5.0
5859496,[옵션선택] 코튼풋 발을씻자 풋샴푸 510ml 2개 + 리필 500ml 1개,지성,44,4.909090909090909
5860581,카밀 미니 핸드크림 30ml 10개 세트,건성,15,4.866666666666666
5860581,카밀 미니 핸드크림 30ml 10개 세트,복합성,51,4.803921568627451
5860581,카밀 미니 핸드크림 30ml 10개 세트,지성,15,4.8
5863370,레드이치 케어 크림 75ml,건성,13,4.846153846153846
5865398,[2개] 아쿠아 퓨어 히알루로닉 크림70ml (증정: 멀티 히알루론산 마스크 2매),복합성,17,5.0
5920737,[Pink에디션] 에센셜 스킨 누더 쿠션 (리필포함)(쿠션 블러쉬 파우치 #핑크 + 앰플선 5ml 증정),건성,30,4.766666666666667
5920737,[Pink에디션] 에센셜 스킨 누더 쿠션 (리필포함)(쿠션 블러쉬 파우치 #핑크 + 앰플선 5ml 증정),민감성,11,4.909090909090909
5920737,[Pink에디션] 에센셜 스킨 누더 쿠션 (리필포함)(쿠션 블러쉬 파우치 #핑크 + 앰플선 5ml 증정),복합성,63,4.873015873015873
5920737,[Pink에디션] 에센셜 스킨 누더 쿠션 (리필포함)(쿠션 블러쉬 파우치 #핑크 + 앰플선 5ml 증정),지성,14,4.857142857142857
5924219,[화잘먹 크림 미스트] 하이드라 판테톨 베리어 미스트 120ml,건성,12,4.833333333333333
5924219,[화잘먹 크림 미스트] 하이드라 판테톨 베리어 미스트 120ml,복합성,16,5.0
5954006,UV프로텍터 톤업 라벤더 SPF50+ PA4+ 50ml,복합성,13,4.769230769230769
5975244,[2개부터 구매가능] 퍼펙트 실드 톤업 선크림 40ml,건성,41,4.7073170731707314
5975244,[2개부터 구매가능] 퍼펙트 실드 톤업 선크림 40ml,민감성,14,5.0
5975244,[2개부터 구매가능] 퍼펙트 실드 톤업 선크림 40ml,복합성,107,4.803738317757009
5975244,[2개부터 구매가능] 퍼펙트 실드 톤업 선크림 40ml,지성,30,4.7
5977672,코튼풋 발을씻자 풋샴푸 385ml 1개 + 리필 500ml 2개(레몬/자몽/쿨링/비누 택1),복합성,11,5.0
5983006,리쥬 토닝 선 쿠션,건성,12,4.916666666666667
5983006,리쥬 토닝 선 쿠션,복합성,25,4.76
5983006,리쥬 토닝 선 쿠션,지성,15,4.666666666666667
6009184,데일리 모이스처 바디워시 프레쉬피치 1000MLX 2개,복합성,14,4.785714285714286
6012090,더마팩토리 나이아신 히알루론 21%세럼 80ml 2개,복합성,15,4.733333333333333
6036892,비타 소프트 데일리 선 로션 150ml SPF50+ PA++++,복합성,13,4.846153846153846
6051576,비건 릴리프 무기자차 선크림 50ml 듀오 세트,복합성,18,5.0
6084022,다래 캡슐 선앰플 50ml SPF50+ PA++++ / 데일리 순한 선크림 판테놀 엑소좀 피부 장벽 선세럼,복합성,11,4.909090909090909
6109589,[유통기한 2027년 8월 초] 핸드&바디로션 300ml 6종,건성,17,4.9411764705882355
6109589,[유통기한 2027년 8월 초] 핸드&바디로션 300ml 6종,민감성,11,5.0
6109589,[유통기한 2027년 8월 초] 핸드&바디로션 300ml 6종,복합성,63,4.698412698412699
6109589,[유통기한 2027년 8월 초] 핸드&바디로션 300ml 6종,지성,23,4.956521739130435
6122940,어성초 카밍 토너 200ml,건성,13,5.0
6122940,어성초 카밍 토너 200ml,민감성,17,4.764705882352941
6122940,어성초 카밍 토너 200ml,복합성,56,4.821428571428571
6122940,어성초 카밍 토너 200ml,지성,29,4.827586206896552
6156641,어린 새싹 클린 토너 200ml,건성,16,4.8125
6156641,어린 새싹 클린 토너 200ml,복합성,39,4.9743589743589745
6156641,어린 새싹 클린 토너 200ml,지성,31,4.935483870967742
6160188,대용량 프레쉬 모이스춰 스크럽워시 625ml 시트러스향 각질 제거,복합성,10,5.0
6163875,체이싱래빗_올어바웃글로우톤업크림,건성,233,4.708154506437769
6163875,체이싱래빗_올어바웃글로우톤업크림,민감성,95,4.6421052631578945
6163875,체이싱래빗_올어바웃글로우톤업크림,복합성,408,4.674019607843137
6163875,체이싱래빗_올어바웃글로우톤업크림,지성,145,4.744827586206896
6163905,미드나잇 블루 유스 액티베이팅 드롭 20ml,건성,64,4.71875
6163905,미드나잇 블루 유스 액티베이팅 드롭 20ml,민감성,80,4.55
6163905,미드나잇 블루 유스 액티베이팅 드롭 20ml,복합성,236,4.809322033898305
6163905,미드나잇 블루 유스 액티베이팅 드롭 20ml,지성,167,4.832335329341317
6163913,서플 프레퍼레이션 언센티드 토너 180ml,건성,20,4.85
6163913,서플 프레퍼레이션 언센티드 토너 180ml,민감성,14,5.0
6163913,서플 프레퍼레이션 언센티드 토너 180ml,복합성,29,4.931034482758621
6163913,서플 프레퍼레이션 언센티드 토너 180ml,지성,12,4.916666666666667
6163938,시카 애프터쉐이브 토너 스프레이,건성,31,4.967741935483871
6163938,시카 애프터쉐이브 토너 스프레이,민감성,12,4.916666666666667
6163938,시카 애프터쉐이브 토너 스프레이,복합성,81,4.91358024691358
6163938,시카 애프터쉐이브 토너 스프레이,지성,51,4.882352941176471
6164429,구아바 수분 콜라겐 미스트 100mL,건성,53,4.660377358490566
6164429,구아바 수분 콜라겐 미스트 100mL,민감성,21,4.571428571428571
6164429,구아바 수분 콜라겐 미스트 100mL,복합성,76,4.815789473684211
6164429,구아바 수분 콜라겐 미스트 100mL,지성,26,4.8076923076923075
6176281,UV 디펜스 T24 멜라픽스 선젤 30ml,복합성,23,4.869565217391305
6183155,순한 수딩 선젤+,건성,12,4.833333333333333
6183155,순한 수딩 선젤+,복합성,29,4.931034482758621
6183155,순한 수딩 선젤+,지성,27,5.0
6187247,퍼퓸 헤어&바디미스트 100ml (5종 택1),건성,59,4.711864406779661
6187247,퍼퓸 헤어&바디미스트 100ml (5종 택1),민감성,30,4.733333333333333
6187247,퍼퓸 헤어&바디미스트 100ml (5종 택1),복합성,168,4.779761904761905
6187247,퍼퓸 헤어&바디미스트 100ml (5종 택1),지성,90,4.844444444444444
6199502,스파 수분광채 스크럽 바디워시 히말라야 핑크솔트 600ml,복합성,16,5.0
6207604,이온 스플래쉬 수분 캡슐 크림 80ml,복합성,13,5.0
6213430,언리시아 선셋 대즐 글로스 밤,복합성,11,4.636363636363637
6216147,유자 글로우 바디 스크럽,복합성,10,4.4
6217051,풀 초록35 톤업 선쿠션 (본품),건성,62,4.693548387096774
6217051,풀 초록35 톤업 선쿠션 (본품),민감성,30,4.6
6217051,풀 초록35 톤업 선쿠션 (본품),복합성,120,4.725
6217051,풀 초록35 톤업 선쿠션 (본품),지성,29,4.9655172413793105
6221525,구스베리 쥬씨 글로우업 젤 크림 55ml,복합성,14,5.0
6221526,구스베리 다크서클 브라이트닝 아이크림 30ml,복합성,21,4.857142857142857
6226471,맑은쌀선크림 : 고아미+프로바이오틱스 (SPF 50+ PA++++),복합성,12,5.0
6239322,스킨 베리어 카밍 로션 이엑스 220ml,건성,707,4.803394625176804
6239322,스킨 베리어 카밍 로션 이엑스 220ml,민감성,200,4.835
6239322,스킨 베리어 카밍 로션 이엑스 220ml,복합성,1103,4.819582955575703
6239322,스킨 베리어 카밍 로션 이엑스 220ml,지성,324,4.799382716049383
6239332,스킨 베리어 카밍 로션 이엑스 80ml,건성,18,4.888888888888889
6239332,스킨 베리어 카밍 로션 이엑스 80ml,민감성,11,4.818181818181818
6239332,스킨 베리어 카밍 로션 이엑스 80ml,복합성,27,4.777777777777778
6239431,라이스 토너 150ml,건성,40,4.875
6239431,라이스 토너 150ml,민감성,12,5.0
6239431,라이스 토너 150ml,복합성,63,4.920634920634921
6239431,라이스 토너 150ml,지성,20,5.0
6239507,피브 하이퍼 하이드로 세럼 100ml,건성,411,4.856447688564477
6239507,피브 하이퍼 하이드로 세럼 100ml,민감성,180,4.794444444444444
6239507,피브 하이퍼 하이드로 세럼 100ml,복합성,1341,4.824011931394482
6239507,피브 하이퍼 하이드로 세럼 100ml,지성,1006,4.853876739562624
6252082,해남404 펩타시카 토너 250ml,복합성,14,4.714285714285714
6254001,파지티브 선 태닝 워터리 크림 SPF22 150ml,복합성,12,4.833333333333333
6254001,파지티브 선 태닝 워터리 크림 SPF22 150ml,지성,12,4.833333333333333
6254711,비건 톤업 선쿠션 12g(핑크베이지),건성,41,4.7317073170731705
6254711,비건 톤업 선쿠션 12g(핑크베이지),민감성,14,4.5
6254711,비건 톤업 선쿠션 12g(핑크베이지),복합성,60,4.783333333333333
6254711,비건 톤업 선쿠션 12g(핑크베이지),지성,28,4.75
6254713,비건 듀이 커버 선쿠션 12g(누드베이지),건성,21,4.666666666666667
6254713,비건 듀이 커버 선쿠션 12g(누드베이지),복합성,26,4.8076923076923075
6254713,비건 듀이 커버 선쿠션 12g(누드베이지),지성,12,4.666666666666667
6254714,비건 노세범 선스틱 18g,건성,14,4.785714285714286
6254714,비건 노세범 선스틱 18g,복합성,40,4.975
6254714,비건 노세범 선스틱 18g,지성,19,4.947368421052632
6261460,[SET] 아쿠아 퓨어 히알루로닉 크림  2개 + 세럼 2개 (증정: 멀티 히알루론산 마스크 5매),건성,18,5.0
6261460,[SET] 아쿠아 퓨어 히알루로닉 크림  2개 + 세럼 2개 (증정: 멀티 히알루론산 마스크 5매),민감성,10,5.0
6261460,[SET] 아쿠아 퓨어 히알루로닉 크림  2개 + 세럼 2개 (증정: 멀티 히알루론산 마스크 5매),복합성,39,4.9743589743589745
6261460,[SET] 아쿠아 퓨어 히알루로닉 크림  2개 + 세럼 2개 (증정: 멀티 히알루론산 마스크 5매),지성,16,4.9375
6271243,나이아샷 플러스 IPMP 트러블 블랙 세럼 30ml,복합성,28,4.75
6271243,나이아샷 플러스 IPMP 트러블 블랙 세럼 30ml,지성,32,4.875
6298605,하이퍼샷 앰플 50ml(3종 택1),복합성,18,4.888888888888889
6299094,액티브 스웨트프루프 선스틱 + 쿨 데오 샤워티슈 1매,건성,17,5.0
6299094,액티브 스웨트프루프 선스틱 + 쿨 데오 샤워티슈 1매,복합성,72,5.0
6299094,액티브 스웨트프루프 선스틱 + 쿨 데오 샤워티슈 1매,지성,32,4.96875
6299243,[몬치치] 세라마이드 아토 로션 600ml+몬치치 복주머니 파우치,건성,11,4.909090909090909
6299243,[몬치치] 세라마이드 아토 로션 600ml+몬치치 복주머니 파우치,복합성,31,4.967741935483871
6301688,[래하벨 콜라보] 프레쉬 모이스처 바디로션 400ML 더블기획(키링내장)+[증정]쿨시트1매+세라엠디로션20ml,복합성,12,5.0
6302285,허니 바나나 BDRN 캡슐 앰플 30ml,건성,11,5.0
6302706,[콜라보] 세라마이드 유자 바이오 클렌징 오일 200ml+20ml+헤어핀 굿즈,건성,38,4.815789473684211
6302706,[콜라보] 세라마이드 유자 바이오 클렌징 오일 200ml+20ml+헤어핀 굿즈,민감성,15,4.733333333333333
6302706,[콜라보] 세라마이드 유자 바이오 클렌징 오일 200ml+20ml+헤어핀 굿즈,복합성,69,4.956521739130435
6302706,[콜라보] 세라마이드 유자 바이오 클렌징 오일 200ml+20ml+헤어핀 굿즈,지성,19,5.0
6330687,저분자 히알루론산 딥 토너 500ml,건성,181,4.928176795580111
6330687,저분자 히알루론산 딥 토너 500ml,민감성,123,4.943089430894309
6330687,저분자 히알루론산 딥 토너 500ml,복합성,667,4.91904047976012
6330687,저분자 히알루론산 딥 토너 500ml,지성,316,4.930379746835443
6330688,올리고 히알루론산 딥 토너 200ml,건성,91,4.835164835164835
6330688,올리고 히알루론산 딥 토너 200ml,민감성,57,4.9298245614035086
6330688,올리고 히알루론산 딥 토너 200ml,복합성,280,4.864285714285714
6330688,올리고 히알루론산 딥 토너 200ml,지성,132,4.9393939393939394
6330696,저분자 히알루론산 선 에센스 40ml [SPF50+/PA++++],건성,22,4.954545454545454
6330696,저분자 히알루론산 선 에센스 40ml [SPF50+/PA++++],민감성,15,4.866666666666666
6330696,저분자 히알루론산 선 에센스 40ml [SPF50+/PA++++],복합성,39,4.897435897435898
6330696,저분자 히알루론산 선 에센스 40ml [SPF50+/PA++++],지성,45,4.911111111111111
6331152,비터버터 약산성 바디워시 500ml+여행용 100ml 증정,건성,154,4.863636363636363
6331152,비터버터 약산성 바디워시 500ml+여행용 100ml 증정,민감성,84,4.940476190476191
6331152,비터버터 약산성 바디워시 500ml+여행용 100ml 증정,복합성,300,4.8933333333333335
6331152,비터버터 약산성 바디워시 500ml+여행용 100ml 증정,지성,127,4.960629921259843
6332438,비욘드 딥모이스처 스무딩 바디에멀전 500ml,건성,28,4.928571428571429
6332438,비욘드 딥모이스처 스무딩 바디에멀전 500ml,민감성,12,4.916666666666667
6332438,비욘드 딥모이스처 스무딩 바디에멀전 500ml,복합성,54,4.925925925925926
6332438,비욘드 딥모이스처 스무딩 바디에멀전 500ml,지성,19,4.894736842105263
